V,37
E,37,689
E,37,695
E,37,698
E,37,699
V,735
E,12,735
E,184,735
E,733,735
E,734,735
E,735,747
V,727
E,182,727
E,714,727
E,716,727
E,723,727
E,726,727
E,727,728
E,727,730
V,722
E,721,722
E,722,723
E,722,724
E,722,750
V,944
E,22,944
E,228,944
E,237,944
E,942,944
E,944,945
V,675
E,44,675
E,168,675
E,169,675
E,170,675
E,666,675
E,674,675
E,675,676
E,675,677
V,996
E,60,996
E,250,996
E,991,996
E,994,996
E,995,996
E,996,1000
V,828
E,207,828
E,790,828
E,792,828
E,828,829
E,828,830
V,843
E,840,843
E,841,843
E,842,843
E,843,844
E,843,845
E,843,847
E,843,855
V,285
E,107,285
E,276,285
E,277,285
E,278,285
E,279,285
E,284,285
V,587
E,150,587
E,550,587
E,587,588
E,587,589
E,587,590
E,587,604
V,456
E,114,456
E,115,456
E,455,456
E,456,457
E,456,490
V,278
E,272,278
E,275,278
E,276,278
E,278,279
E,278,280
E,278,285
V,791
E,205,791
E,206,791
E,207,791
E,791,792
E,791,808
E,791,825
V,184
E,183,184
E,184,725
E,184,726
E,184,734
E,184,735
E,184,747
V,136
E,120,136
E,128,136
E,136,521
E,136,522
E,136,523
E,136,536
E,136,537
V,173
E,12,173
E,173,694
E,173,695
E,173,731
E,173,732
E,173,733
V,163
E,163,665
E,163,677
E,163,678
E,163,680
E,163,685
E,163,686
V,415
E,356,415
E,410,415
E,413,415
E,414,415
E,415,416
V,276
E,274,276
E,275,276
E,276,277
E,276,278
E,276,285
V,262
E,66,262
E,67,262
E,261,262
E,262,263
E,262,264
E,262,265
E,262,299
V,722
E,721,722
E,722,723
E,722,724
E,722,750
V,116
E,9,116
E,116,118
E,116,467
E,116,469
E,116,471
E,116,474
E,116,475
V,1021
E,254,1021
E,255,1021
E,1017,1021
E,1019,1021
E,1020,1021
E,1021,1022
E,1021,1023
V,115
E,9,115
E,115,456
E,115,457
E,115,472
E,115,490
V,332
E,79,332
E,330,332
E,332,333
E,332,336
E,332,337
E,332,339
E,332,340
V,492
E,489,492
E,492,493
E,492,494
E,492,497
E,492,507
V,332
E,79,332
E,330,332
E,332,333
E,332,336
E,332,337
E,332,339
E,332,340
V,942
E,228,942
E,229,942
E,237,942
E,238,942
E,942,943
E,942,944
V,895
E,652,895
E,893,895
E,894,895
E,895,896
E,895,904
V,327
E,81,327
E,325,327
E,326,327
E,327,330
E,327,333
V,983
E,981,983
E,983,998
E,983,999
E,983,1016
E,983,1017
E,983,1018
V,66
E,6,66
E,65,66
E,66,262
E,66,264
E,66,298
E,66,299
E,66,300
E,66,301
V,205
E,205,791
E,205,806
E,205,807
E,205,808
E,205,810
E,205,825
V,812
E,43,812
E,809,812
E,812,814
E,812,818
E,812,820
E,812,823
E,812,824
V,757
E,188,757
E,191,757
E,756,757
E,757,758
V,100
E,89,100
E,100,101
E,100,359
E,100,392
E,100,393
V,198
E,197,198
E,198,740
E,198,779
E,198,798
V,730
E,713,730
E,714,730
E,727,730
E,728,730
E,729,730
V,524
E,128,524
E,129,524
E,133,524
E,523,524
E,524,525
E,524,526
V,377
E,25,377
E,97,377
E,98,377
E,99,377
E,377,379
E,377,387
V,233
E,233,952
E,233,968
E,233,971
E,233,972
E,233,973
E,233,974
V,260
E,67,260
E,257,260
E,258,260
E,259,260
E,260,261
V,238
E,229,238
E,235,238
E,237,238
E,238,916
E,238,937
E,238,938
E,238,941
E,238,942
V,533
E,120,533
E,135,533
E,533,534
E,533,535
E,533,536
E,533,543
E,533,544
V,518
E,511,518
E,512,518
E,513,518
E,515,518
E,516,518
E,518,519
V,31
E,31,479
E,31,480
E,31,542
E,31,546
E,31,610
V,195
E,47,195
E,48,195
E,195,761
E,195,762
E,195,770
E,195,772
E,195,775
V,288
E,72,288
E,87,288
E,88,288
E,105,288
E,288,289
E,288,353
V,943
E,227,943
E,228,943
E,229,943
E,906,943
E,908,943
E,911,943
E,914,943
E,942,943
V,717
E,174,717
E,715,717
E,716,717
E,717,718
E,717,724
V,528
E,131,528
E,132,528
E,528,529
E,528,531
E,528,561
V,428
E,4,428
E,421,428
E,422,428
E,424,428
E,427,428
E,428,429
E,428,432
V,589
E,147,589
E,549,589
E,586,589
E,587,589
E,588,589
E,589,590
V,8
E,8,388
E,8,390
E,8,626
E,8,627
E,8,629
V,519
E,129,519
E,511,519
E,515,519
E,517,519
E,518,519
E,519,520
V,550
E,29,550
E,150,550
E,549,550
E,550,587
E,550,588
E,550,605
V,815
E,815,816
E,815,817
E,815,819
E,815,877
E,815,879
E,815,880
E,815,883
V,680
E,163,680
E,665,680
E,680,681
E,680,685
V,462
E,458,462
E,460,462
E,461,462
E,462,464
E,462,465
E,462,472
V,543
E,122,543
E,533,543
E,536,543
E,539,543
E,542,543
E,543,544
E,543,546
E,543,555
V,759
E,49,759
E,758,759
E,759,760
E,759,761
E,759,778
V,562
E,10,562
E,131,562
E,134,562
E,140,562
E,530,562
E,531,562
E,532,562
V,863
E,231,863
E,863,864
E,863,866
E,863,928
E,863,992
E,863,993
V,389
E,157,389
E,389,390
E,389,391
E,389,400
E,389,623
E,389,624
E,389,625
V,497
E,492,497
E,494,497
E,495,497
E,496,497
E,497,499
E,497,505
E,497,507
V,431
E,4,431
E,28,431
E,110,431
E,273,431
E,431,432
E,431,433
V,311
E,305,311
E,308,311
E,309,311
E,310,311
E,311,312
E,311,313
E,311,315
E,311,346
V,670
E,164,670
E,165,670
E,668,670
E,669,670
E,670,672
E,670,804
V,342
E,79,342
E,84,342
E,85,342
E,340,342
E,341,342
E,342,349
V,191
E,188,191
E,191,756
E,191,757
E,191,763
E,191,766
V,364
E,86,364
E,87,364
E,90,364
E,355,364
E,357,364
E,363,364
V,398
E,7,398
E,26,398
E,101,398
E,397,398
E,398,399
E,398,400
V,746
E,167,746
E,187,746
E,744,746
E,745,746
E,746,748
E,746,749
E,746,751
V,95
E,95,96
E,95,381
E,95,382
E,95,384
E,95,641
E,95,897
E,95,898
E,95,899
V,937
E,235,937
E,238,937
E,929,937
E,936,937
E,937,938
V,541
E,122,541
E,123,541
E,124,541
E,480,541
E,540,541
E,541,542
V,749
E,179,749
E,181,749
E,725,749
E,746,749
E,748,749
E,749,751
V,178
E,176,178
E,178,575
E,178,576
E,178,580
E,178,704
E,178,706
E,178,709
E,178,719
V,560
E,34,560
E,137,560
E,138,560
E,139,560
E,560,564
V,598
E,159,598
E,597,598
E,598,616
E,598,635
E,598,636
V,522
E,120,522
E,136,522
E,522,523
E,522,531
E,522,532
E,522,535
V,808
E,203,808
E,205,808
E,786,808
E,791,808
E,792,808
E,793,808
E,807,808
V,756
E,189,756
E,190,756
E,191,756
E,753,756
E,756,757
E,756,758
E,756,766
E,756,767
V,409
E,102,409
E,117,409
E,401,409
E,402,409
E,403,409
E,404,409
E,408,409
E,409,412
V,549
E,29,549
E,147,549
E,548,549
E,549,550
E,549,552
E,549,588
E,549,589
V,475
E,9,475
E,116,475
E,118,475
E,121,475
E,473,475
E,474,475
E,475,476
E,475,481
V,474
E,9,474
E,116,474
E,474,475
V,687
E,161,687
E,162,687
E,172,687
E,679,687
E,686,687
E,687,688
V,998
E,983,998
E,997,998
E,998,999
E,998,1000
E,998,1003
E,998,1016
V,162
E,161,162
E,162,685
E,162,686
E,162,687
V,525
E,132,525
E,133,525
E,517,525
E,524,525
E,525,526
E,525,561
V,613
E,156,613
E,607,613
E,608,613
E,613,614
E,613,615
E,613,617
E,613,619
E,613,621
V,0
V,967
E,242,967
E,953,967
E,955,967
E,963,967
E,965,967
E,966,967
E,967,969
V,615
E,613,615
E,614,615
E,615,616
E,615,617
E,615,618
E,615,633
E,615,634
E,615,635
V,998
E,983,998
E,997,998
E,998,999
E,998,1000
E,998,1003
E,998,1016
V,133
E,132,133
E,133,523
E,133,524
E,133,525
V,551
E,34,551
E,119,551
E,545,551
E,551,554
E,551,558
V,222
E,14,222
E,222,657
E,222,658
E,222,659
E,222,660
E,222,661
V,998
E,983,998
E,997,998
E,998,999
E,998,1000
E,998,1003
E,998,1016
V,804
E,14,804
E,165,804
E,659,804
E,669,804
E,670,804
E,803,804
E,804,814
V,575
E,144,575
E,178,575
E,575,576
E,575,577
E,575,580
V,79
E,79,80
E,79,329
E,79,330
E,79,332
E,79,340
E,79,341
E,79,342
E,79,345
V,143
E,142,143
E,143,563
E,143,572
E,143,574
V,848
E,55,848
E,845,848
E,847,848
E,848,849
E,848,854
V,794
E,197,794
E,786,794
E,793,794
E,794,796
V,475
E,9,475
E,116,475
E,118,475
E,121,475
E,473,475
E,474,475
E,475,476
E,475,481
V,25
E,23,25
E,25,377
E,25,379
E,25,387
E,25,388
E,25,640
V,317
E,81,317
E,312,317
E,314,317
E,317,318
E,317,319
E,317,320
E,317,322
E,317,328
V,16
E,3,16
E,16,240
E,16,241
E,16,323
E,16,949
E,16,956
E,16,957
V,430
E,4,430
E,28,430
E,274,430
E,421,430
E,429,430
V,918
E,917,918
E,918,919
E,918,920
E,918,926
E,918,940
E,918,941
V,324
E,324,325
E,324,326
E,324,947
E,324,948
E,324,957
V,948
E,3,948
E,22,948
E,324,948
E,945,948
E,947,948
E,948,949
E,948,950
E,948,954
E,948,957
V,258
E,69,258
E,257,258
E,258,259
E,258,260
E,258,267
V,511
E,127,511
E,503,511
E,509,511
E,510,511
E,511,512
E,511,518
E,511,519
E,511,520
V,942
E,228,942
E,229,942
E,237,942
E,238,942
E,942,943
E,942,944
V,624
E,30,624
E,389,624
E,623,624
E,624,625
V,830
E,207,830
E,208,830
E,209,830
E,822,830
E,827,830
E,828,830
E,829,830
V,347
E,77,347
E,292,347
E,310,347
E,344,347
V,350
E,72,350
E,77,350
E,78,350
E,88,350
E,292,350
E,348,350
E,349,350
E,350,351
V,542
E,31,542
E,122,542
E,480,542
E,541,542
E,542,543
E,542,546
V,95
E,95,96
E,95,381
E,95,382
E,95,384
E,95,641
E,95,897
E,95,898
E,95,899
V,498
E,126,498
E,498,499
E,498,500
E,498,501
E,498,504
E,498,505
E,498,506
V,976
E,243,976
E,244,976
E,965,976
E,974,976
E,976,979
V,934
E,932,934
E,933,934
E,934,971
E,934,972
E,934,978
E,934,988
E,934,990
V,157
E,156,157
E,157,389
E,157,390
E,157,625
E,157,626
E,157,627
V,660
E,42,660
E,222,660
E,653,660
E,654,660
E,657,660
E,660,661
E,660,662
E,660,663
V,117
E,117,402
E,117,403
E,117,409
E,117,468
E,117,623
V,852
E,54,852
E,213,852
E,216,852
E,849,852
E,852,853
E,852,1007
V,611
E,118,611
E,153,611
E,478,611
E,611,612
E,611,621
E,611,622
V,183
E,167,183
E,183,184
E,183,725
E,183,747
E,183,748
V,836
E,41,836
E,220,836
E,821,836
E,832,836
E,834,836
E,836,837
V,658
E,14,658
E,222,658
E,657,658
E,658,813
E,658,816
E,658,817
E,658,883
V,362
E,90,362
E,91,362
E,361,362
E,362,363
V,513
E,510,513
E,512,513
E,513,514
E,513,516
E,513,518
V,388
E,8,388
E,23,388
E,25,388
E,388,390
E,388,391
E,388,629
E,388,640
V,92
E,24,92
E,92,373
E,92,374
E,92,375
V,248
E,248,987
E,248,988
E,248,989
E,248,990
V,13
E,13,164
E,13,647
E,13,648
E,13,661
E,13,665
E,13,666
E,13,667
E,13,677
V,970
E,236,970
E,951,970
E,952,970
E,968,970
E,969,970
E,970,973
V,476
E,121,476
E,475,476
E,476,477
E,476,481
V,443
E,443,445
E,443,447
E,443,448
E,443,450
E,443,459
V,582
E,36,582
E,146,582
E,176,582
E,579,582
E,580,582
E,582,585
E,582,700
V,796
E,197,796
E,780,796
E,785,796
E,786,796
E,787,796
E,794,796
E,795,796
V,293
E,74,293
E,293,295
E,293,304
E,293,307
E,293,308
E,293,309
V,726
E,182,726
E,184,726
E,695,726
E,725,726
E,726,727
E,726,728
E,726,734
V,935
E,234,935
E,236,935
E,933,935
E,935,952
E,935,971
V,927
E,866,927
E,917,927
E,924,927
E,926,927
E,927,928
V,970
E,236,970
E,951,970
E,952,970
E,968,970
E,969,970
E,970,973
V,965
E,243,965
E,963,965
E,965,966
E,965,967
E,965,974
E,965,976
V,84
E,83,84
E,84,85
E,84,339
E,84,340
E,84,342
E,84,343
V,82
E,82,336
E,82,911
E,82,913
E,82,945
E,82,946
E,82,947
V,29
E,29,151
E,29,152
E,29,548
E,29,549
E,29,550
E,29,605
V,11
E,11,45
E,11,52
E,11,202
E,11,739
E,11,798
V,942
E,228,942
E,229,942
E,237,942
E,238,942
E,942,943
E,942,944
V,24
E,24,91
E,24,92
E,24,93
E,24,366
E,24,372
E,24,374
E,24,375
E,24,376
V,368
E,17,368
E,335,368
E,337,368
E,365,368
E,367,368
E,368,913
V,98
E,97,98
E,98,99
E,98,375
E,98,377
E,98,378
E,98,380
V,843
E,840,843
E,841,843
E,842,843
E,843,844
E,843,845
E,843,847
E,843,855
V,601
E,597,601
E,599,601
E,600,601
E,601,602
E,601,606
V,947
E,82,947
E,324,947
E,326,947
E,334,947
E,945,947
E,946,947
E,947,948
V,237
E,22,237
E,235,237
E,237,238
E,237,942
E,237,944
E,237,950
E,237,951
V,150
E,150,550
E,150,587
E,150,604
E,150,605
E,150,606
V,327
E,81,327
E,325,327
E,326,327
E,327,330
E,327,333
V,884
E,223,884
E,880,884
E,881,884
E,884,885
V,946
E,82,946
E,334,946
E,336,946
E,946,947
V,258
E,69,258
E,257,258
E,258,259
E,258,260
E,258,267
V,414
E,103,414
E,356,414
E,410,414
E,411,414
E,414,415
V,327
E,81,327
E,325,327
E,326,327
E,327,330
E,327,333
V,174
E,174,713
E,174,714
E,174,715
E,174,716
E,174,717
V,352
E,86,352
E,87,352
E,88,352
E,343,352
E,351,352
V,492
E,489,492
E,492,493
E,492,494
E,492,497
E,492,507
V,197
E,197,198
E,197,203
E,197,779
E,197,793
E,197,794
E,197,795
E,197,796
E,197,798
V,340
E,79,340
E,84,340
E,332,340
E,339,340
E,340,342
V,284
E,71,284
E,73,284
E,107,284
E,279,284
E,281,284
E,282,284
E,284,285
V,797
E,201,797
E,202,797
E,671,797
E,797,799
E,797,800
E,797,801
V,47
E,47,195
E,47,772
E,47,773
E,47,774
E,47,775
V,105
E,87,105
E,105,288
E,105,353
E,105,354
E,105,355
V,411
E,103,411
E,395,411
E,396,411
E,407,411
E,408,411
E,410,411
E,411,412
E,411,414
V,681
E,647,681
E,665,681
E,680,681
E,681,682
E,681,683
E,681,684
E,681,685
V,422
E,417,422
E,420,422
E,421,422
E,422,423
E,422,424
E,422,428
V,968
E,233,968
E,966,968
E,968,969
E,968,970
E,968,973
E,968,974
V,966
E,965,966
E,966,967
E,966,968
E,966,969
E,966,974
V,992
E,231,992
E,863,992
E,928,992
E,929,992
E,931,992
E,940,992
V,591
E,583,591
E,586,591
E,590,591
E,591,592
E,591,594
E,591,603
V,345
E,79,345
E,313,345
E,329,345
E,331,345
E,341,345
E,344,345
E,345,346
V,405
E,404,405
E,405,406
E,405,460
E,405,463
V,312
E,18,312
E,81,312
E,311,312
E,312,313
E,312,314
E,312,315
E,312,317
V,684
E,226,684
E,646,684
E,647,684
E,681,684
E,682,684
E,683,684
V,393
E,23,393
E,99,393
E,100,393
E,359,393
E,379,393
E,392,393
E,393,394
V,920
E,227,920
E,230,920
E,918,920
E,919,920
E,920,921
E,920,941
V,580
E,144,580
E,176,580
E,178,580
E,575,580
E,579,580
E,580,582
V,191
E,188,191
E,191,756
E,191,757
E,191,763
E,191,766
V,713
E,174,713
E,710,713
E,711,713
E,712,713
E,713,714
E,713,715
E,713,729
E,713,730
V,102
E,102,396
E,102,397
E,102,399
E,102,401
E,102,409
E,102,412
V,716
E,174,716
E,714,716
E,716,717
E,716,723
E,716,724
E,716,727
V,928
E,863,928
E,866,928
E,926,928
E,927,928
E,928,940
E,928,992
V,85
E,84,85
E,85,342
E,85,343
E,85,349
E,85,351
V,466
E,403,466
E,404,466
E,463,466
E,464,466
E,465,466
E,466,470
V,553
E,545,553
E,548,553
E,552,553
E,553,558
E,553,568
V,598
E,159,598
E,597,598
E,598,616
E,598,635
E,598,636
V,816
E,658,816
E,815,816
E,816,817
E,816,883
V,766
E,191,766
E,756,766
E,763,766
E,765,766
E,766,767
