V,559
E,10,559
E,34,559
E,138,559
E,544,559
E,554,559
E,555,559
E,557,559
V,232
E,60,232
E,61,232
E,232,860
E,232,861
E,232,865
E,232,868
E,232,871
E,232,995
V,30
E,30,620
E,30,621
E,30,622
E,30,623
E,30,624
E,30,625
V,565
E,564,565
E,565,566
E,565,567
E,565,568
V,511
E,127,511
E,503,511
E,509,511
E,510,511
E,511,512
E,511,518
E,511,519
E,511,520
V,175
E,175,176
E,175,696
E,175,698
E,175,702
E,175,710
V,757
E,188,757
E,191,757
E,756,757
E,757,758
V,352
E,86,352
E,87,352
E,88,352
E,343,352
E,351,352
V,815
E,815,816
E,815,817
E,815,819
E,815,877
E,815,879
E,815,880
E,815,883
V,182
E,181,182
E,182,723
E,182,725
E,182,726
E,182,727
V,681
E,647,681
E,665,681
E,680,681
E,681,682
E,681,683
E,681,684
E,681,685
V,913
E,82,913
E,336,913
E,337,913
E,367,913
E,368,913
E,369,913
E,911,913
E,912,913
E,913,914
V,234
E,234,235
E,234,236
E,234,933
E,234,935
E,234,951
V,510
E,130,510
E,493,510
E,507,510
E,509,510
E,510,511
E,510,512
E,510,513
E,510,514
V,78
E,77,78
E,78,341
E,78,344
E,78,348
E,78,350
V,460
E,405,460
E,406,460
E,445,460
E,458,460
E,459,460
E,460,461
E,460,462
E,460,463
V,837
E,41,837
E,218,837
E,834,837
E,836,837
V,747
E,12,747
E,167,747
E,183,747
E,184,747
E,732,747
E,735,747
E,736,747
E,737,747
V,797
E,201,797
E,202,797
E,671,797
E,797,799
E,797,800
E,797,801
V,580
E,144,580
E,176,580
E,178,580
E,575,580
E,579,580
E,580,582
V,567
E,32,567
E,146,567
E,552,567
E,564,567
E,565,567
E,567,568
E,567,571
E,567,584
E,567,585
V,456
E,114,456
E,115,456
E,455,456
E,456,457
E,456,490
V,821
E,15,821
E,821,832
E,821,834
E,821,836
V,108
E,108,274
E,108,277
E,108,419
E,108,420
E,108,421
V,794
E,197,794
E,786,794
E,793,794
E,794,796
V,440
E,112,440
E,436,440
E,439,440
E,440,441
E,440,446
V,572
E,35,572
E,137,572
E,139,572
E,143,572
E,145,572
E,563,572
E,570,572
E,572,573
E,572,574
V,702
E,175,702
E,176,702
E,701,702
E,702,703
E,702,708
E,702,710
V,724
E,716,724
E,717,724
E,718,724
E,721,724
E,722,724
E,723,724
V,135
E,135,532
E,135,533
E,135,534
E,135,535
E,135,557
V,107
E,71,107
E,106,107
E,107,277
E,107,284
E,107,285
E,107,416
E,107,417
E,107,418
V,941
E,227,941
E,238,941
E,916,941
E,918,941
E,920,941
E,938,941
E,939,941
E,940,941
V,610
E,31,610
E,154,610
E,478,610
E,479,610
E,546,610
E,547,610
V,962
E,5,962
E,21,962
E,243,962
E,961,962
V,531
E,132,531
E,522,531
E,523,531
E,528,531
E,529,531
E,530,531
E,531,532
E,531,562
V,992
E,231,992
E,863,992
E,928,992
E,929,992
E,931,992
E,940,992
V,679
E,171,679
E,172,679
E,678,679
E,679,686
E,679,687
V,250
E,231,250
E,250,931
E,250,932
E,250,990
E,250,991
E,250,993
E,250,994
E,250,996
V,351
E,85,351
E,88,351
E,343,351
E,349,351
E,350,351
E,351,352
V,331
E,18,331
E,80,331
E,313,331
E,329,331
E,331,345
V,969
E,951,969
E,953,969
E,966,969
E,967,969
E,968,969
E,969,970
V,92
E,24,92
E,92,373
E,92,374
E,92,375
V,85
E,84,85
E,85,342
E,85,343
E,85,349
E,85,351
V,601
E,597,601
E,599,601
E,600,601
E,601,602
E,601,606
V,906
E,227,906
E,905,906
E,906,907
E,906,908
E,906,909
E,906,943
V,140
E,33,140
E,131,140
E,134,140
E,138,140
E,140,561
E,140,562
V,931
E,231,931
E,250,931
E,929,931
E,930,931
E,931,932
E,931,992
V,964
E,21,964
E,242,964
E,956,964
E,963,964
V,931
E,231,931
E,250,931
E,929,931
E,930,931
E,931,932
E,931,992
V,637
E,39,637
E,226,637
E,630,637
E,632,637
E,637,638
E,637,639
E,637,683
V,51
E,51,204
E,51,219
E,51,220
E,51,823
V,260
E,67,260
E,257,260
E,258,260
E,259,260
E,260,261
V,509
E,127,509
E,130,509
E,509,510
E,509,511
V,908
E,906,908
E,908,909
E,908,914
E,908,915
E,908,943
V,957
E,16,957
E,323,957
E,324,957
E,325,957
E,948,957
E,949,957
V,899
E,95,899
E,382,899
E,896,899
E,897,899
E,899,900
E,899,910
V,284
E,71,284
E,73,284
E,107,284
E,279,284
E,281,284
E,282,284
E,284,285
V,160
E,160,383
E,160,385
E,160,641
E,160,642
E,160,643
V,716
E,174,716
E,714,716
E,716,717
E,716,723
E,716,724
E,716,727
V,428
E,4,428
E,421,428
E,422,428
E,424,428
E,427,428
E,428,429
E,428,432
V,685
E,159,685
E,161,685
E,162,685
E,163,685
E,680,685
E,681,685
E,683,685
E,685,686
V,122
E,122,123
E,122,539
E,122,541
E,122,542
E,122,543
V,57
E,57,58
E,57,224
E,57,886
E,57,922
V,400
E,7,400
E,389,400
E,391,400
E,398,400
E,399,400
E,400,623
V,716
E,174,716
E,714,716
E,716,717
E,716,723
E,716,724
E,716,727
V,332
E,79,332
E,330,332
E,332,333
E,332,336
E,332,337
E,332,339
E,332,340
V,278
E,272,278
E,275,278
E,276,278
E,278,279
E,278,280
E,278,285
V,121
E,118,121
E,121,475
E,121,476
E,121,477
E,121,478
E,121,479
V,529
E,131,529
E,527,529
E,528,529
E,529,530
E,529,531
V,313
E,18,313
E,311,313
E,312,313
E,313,331
E,313,345
E,313,346
V,437
E,436,437
E,437,438
E,437,439
E,437,447
V,822
E,207,822
E,209,822
E,220,822
E,822,830
E,822,832
V,583
E,147,583
E,581,583
E,583,584
E,583,586
E,583,591
E,583,592
V,802
E,46,802
E,671,802
E,672,802
E,673,802
E,738,802
E,801,802
V,502
E,123,502
E,485,502
E,496,502
E,499,502
E,501,502
E,502,540
V,700
E,36,700
E,176,700
E,582,700
E,698,700
E,699,700
V,705
E,177,705
E,701,705
E,703,705
E,704,705
E,705,706
V,882
E,42,882
E,656,882
E,657,882
E,881,882
E,882,883
E,882,892
V,246
E,246,256
E,246,977
E,246,979
E,246,980
E,246,982
V,396
E,102,396
E,395,396
E,396,397
E,396,411
E,396,412
V,117
E,117,402
E,117,403
E,117,409
E,117,468
E,117,623
V,610
E,31,610
E,154,610
E,478,610
E,479,610
E,546,610
E,547,610
V,242
E,242,955
E,242,956
E,242,963
E,242,964
E,242,967
V,673
E,44,673
E,46,673
E,168,673
E,672,673
E,673,674
E,673,731
E,673,802
V,936
E,235,936
E,929,936
E,930,936
E,933,936
E,936,937
V,27
E,27,425
E,27,434
E,27,435
E,27,436
E,27,441
E,27,442
V,162
E,161,162
E,162,685
E,162,686
E,162,687
V,583
E,147,583
E,581,583
E,583,584
E,583,586
E,583,591
E,583,592
V,992
E,231,992
E,863,992
E,928,992
E,929,992
E,931,992
E,940,992
V,144
E,144,569
E,144,575
E,144,577
E,144,578
E,144,579
E,144,580
V,683
E,39,683
E,159,683
E,226,683
E,636,683
E,637,683
E,681,683
E,683,684
E,683,685
V,649
E,225,649
E,646,649
E,647,649
E,649,650
E,649,654
E,649,663
E,649,664
V,960
E,21,960
E,239,960
E,321,960
E,956,960
E,959,960
E,960,961
V,781
E,185,781
E,199,781
E,742,781
E,776,781
E,780,781
E,781,782
E,781,783
V,1
E,1,65
E,1,243
E,1,300
E,1,302
E,1,303
E,1,304
E,1,306
E,1,316
E,1,318
V,328
E,81,328
E,317,328
E,320,328
E,321,328
E,323,328
E,325,328
V,205
E,205,791
E,205,806
E,205,807
E,205,808
E,205,810
E,205,825
V,59
E,59,245
E,59,247
E,59,972
E,59,978
E,59,980
V,127
E,126,127
E,127,130
E,127,503
E,127,508
E,127,509
E,127,511
V,164
E,13,164
E,164,666
E,164,667
E,164,668
E,164,669
E,164,670
V,91
E,24,91
E,91,361
E,91,362
E,91,363
E,91,366
E,91,376
V,495
E,486,495
E,494,495
E,495,496
E,495,497
V,944
E,22,944
E,228,944
E,237,944
E,942,944
E,944,945
V,286
E,71,286
E,73,286
E,286,287
E,286,289
E,286,353
E,286,356
V,828
E,207,828
E,790,828
E,792,828
E,828,829
E,828,830
V,399
E,102,399
E,397,399
E,398,399
E,399,400
E,399,401
E,399,402
E,399,623
V,574
E,35,574
E,142,574
E,143,574
E,189,574
E,514,574
E,561,574
E,572,574
E,574,576
V,154
E,153,154
E,154,478
E,154,547
E,154,609
E,154,610
V,158
E,149,158
E,158,600
E,158,614
E,158,616
V,690
E,38,690
E,148,690
E,592,690
E,688,690
E,689,690
E,690,691
E,690,692
E,690,693
V,708
E,701,708
E,702,708
E,707,708
E,708,710
E,708,715
V,440
E,112,440
E,436,440
E,439,440
E,440,441
E,440,446
V,225
E,225,645
E,225,646
E,225,649
E,225,650
V,546
E,31,546
E,119,546
E,152,546
E,542,546
E,543,546
E,546,547
E,546,555
E,546,556
E,546,610
V,182
E,181,182
E,182,723
E,182,725
E,182,726
E,182,727
V,529
E,131,529
E,527,529
E,528,529
E,529,530
E,529,531
V,678
E,163,678
E,170,678
E,171,678
E,677,678
E,678,679
E,678,686
V,650
E,2,650
E,225,650
E,645,650
E,649,650
E,650,651
E,650,654
E,650,898
V,692
E,169,692
E,171,692
E,172,692
E,676,692
E,688,692
E,690,692
E,691,692
E,692,693
V,560
E,34,560
E,137,560
E,138,560
E,139,560
E,560,564
V,918
E,917,918
E,918,919
E,918,920
E,918,926
E,918,940
E,918,941
V,586
E,147,586
E,583,586
E,586,589
E,586,590
E,586,591
V,17
E,17,335
E,17,338
E,17,339
E,17,365
E,17,368
V,309
E,74,309
E,293,309
E,308,309
E,309,310
E,309,311
V,611
E,118,611
E,153,611
E,478,611
E,611,612
E,611,621
E,611,622
V,679
E,171,679
E,172,679
E,678,679
E,679,686
E,679,687
V,988
E,248,988
E,934,988
E,978,988
E,985,988
E,986,988
E,987,988
E,988,990
V,297
E,6,297
E,68,297
E,294,297
E,296,297
E,297,302
E,297,303
V,288
E,72,288
E,87,288
E,88,288
E,105,288
E,288,289
E,288,353
V,206
E,204,206
E,206,207
E,206,791
E,206,824
E,206,825
E,206,826
V,78
E,77,78
E,78,341
E,78,344
E,78,348
E,78,350
V,25
E,23,25
E,25,377
E,25,379
E,25,387
E,25,388
E,25,640
V,480
E,31,480
E,124,480
E,477,480
E,479,480
E,480,481
E,480,541
E,480,542
V,416
E,71,416
E,106,416
E,107,416
E,356,416
E,413,416
E,415,416
E,416,417
V,798
E,11,798
E,45,798
E,52,798
E,197,798
E,198,798
E,201,798
E,202,798
E,203,798
E,740,798
V,541
E,122,541
E,123,541
E,124,541
E,480,541
E,540,541
E,541,542
V,786
E,786,787
E,786,788
E,786,792
E,786,793
E,786,794
E,786,796
E,786,808
V,8
E,8,388
E,8,390
E,8,626
E,8,627
E,8,629
V,120
E,120,136
E,120,522
E,120,533
E,120,535
E,120,536
V,327
E,81,327
E,325,327
E,326,327
E,327,330
E,327,333
V,991
E,250,991
E,989,991
E,990,991
E,991,996
E,991,1000
V,940
E,918,940
E,926,940
E,928,940
E,929,940
E,938,940
E,939,940
E,940,941
E,940,992
V,740
E,52,740
E,198,740
E,199,740
E,200,740
E,740,779
E,740,798
V,684
E,226,684
E,646,684
E,647,684
E,681,684
E,682,684
E,683,684
V,180
E,179,180
E,180,181
E,180,723
E,180,750
E,180,751
E,180,752
V,41
E,41,218
E,41,219
E,41,220
E,41,819
E,41,820
E,41,836
E,41,837
E,41,869
E,41,877
V,870
E,858,870
E,869,870
E,870,871
E,870,872
E,870,873
V,390
E,8,390
E,157,390
E,388,390
E,389,390
E,390,391
E,390,626
V,939
E,938,939
E,939,940
E,939,941
V,602
E,590,602
E,599,602
E,601,602
E,602,603
E,602,604
E,602,606
V,165
E,165,670
E,165,671
E,165,672
E,165,800
E,165,803
E,165,804
V,681
E,647,681
E,665,681
E,680,681
E,681,682
E,681,683
E,681,684
E,681,685
V,757
E,188,757
E,191,757
E,756,757
E,757,758
V,27
E,27,425
E,27,434
E,27,435
E,27,436
E,27,441
E,27,442
V,150
E,150,550
E,150,587
E,150,604
E,150,605
E,150,606
V,541
E,122,541
E,123,541
E,124,541
E,480,541
E,540,541
E,541,542
V,534
E,135,534
E,533,534
E,534,544
E,534,557
V,188
E,188,191
E,188,755
E,188,757
E,188,758
E,188,763
V,878
E,875,878
E,876,878
E,877,878
E,878,879
V,242
E,242,955
E,242,956
E,242,963
E,242,964
E,242,967
V,589
E,147,589
E,549,589
E,586,589
E,587,589
E,588,589
E,589,590
V,206
E,204,206
E,206,207
E,206,791
E,206,824
E,206,825
E,206,826
V,401
E,102,401
E,399,401
E,401,402
E,401,409
V,629
E,8,629
E,388,629
E,627,629
E,629,630
E,629,631
E,629,639
E,629,640
V,1023
E,63,1023
E,256,1023
E,1020,1023
E,1021,1023
E,1022,1023
E,1023,1024
V,79
E,79,80
E,79,329
E,79,330
E,79,332
E,79,340
E,79,341
E,79,342
E,79,345
V,35
E,35,572
E,35,573
E,35,574
E,35,576
E,35,577
V,391
E,7,391
E,23,391
E,26,391
E,388,391
E,389,391
E,390,391
E,391,392
E,391,400
V,90
E,90,357
E,90,358
E,90,360
E,90,361
E,90,362
E,90,363
E,90,364
E,90,394
V,285
E,107,285
E,276,285
E,277,285
E,278,285
E,279,285
E,284,285
V,601
E,597,601
E,599,601
E,600,601
E,601,602
E,601,606
V,120
E,120,136
E,120,522
E,120,533
E,120,535
E,120,536
V,622
E,30,622
E,468,622
E,611,622
E,612,622
E,621,622
E,622,623
V,317
E,81,317
E,312,317
E,314,317
E,317,318
E,317,319
E,317,320
E,317,322
E,317,328
V,580
E,144,580
E,176,580
E,178,580
E,575,580
E,579,580
E,580,582
V,1000
E,60,1000
E,989,1000
E,991,1000
E,996,1000
E,997,1000
E,998,1000
E,999,1000
V,410
E,407,410
E,410,411
E,410,413
E,410,414
E,410,415
V,247
E,59,247
E,245,247
E,247,975
E,247,979
E,247,980
V,516
E,513,516
E,514,516
E,515,516
E,516,517
E,516,518
E,516,561
V,652
E,2,652
E,651,652
E,652,654
E,652,894
E,652,895
E,652,896
V,583
E,147,583
E,581,583
E,583,584
E,583,586
E,583,591
E,583,592
V,594
E,591,594
E,592,594
E,593,594
E,594,595
E,594,603
E,594,688
V,581
E,36,581
E,38,581
E,146,581
E,148,581
E,581,583
E,581,584
E,581,592
E,581,699
V,129
E,128,129
E,129,517
E,129,519
E,129,520
E,129,524
E,129,526
V,507
E,130,507
E,492,507
E,493,507
E,497,507
E,505,507
E,506,507
E,507,508
E,507,510
V,990
E,248,990
E,250,990
E,932,990
E,934,990
E,988,990
E,989,990
E,990,991
V,935
E,234,935
E,236,935
E,933,935
E,935,952
E,935,971
V,819
E,41,819
E,815,819
E,817,819
E,819,820
E,819,877
V,906
E,227,906
E,905,906
E,906,907
E,906,908
E,906,909
E,906,943
V,400
E,7,400
E,389,400
E,391,400
E,398,400
E,399,400
E,400,623
V,343
E,83,343
E,84,343
E,85,343
E,86,343
E,343,351
E,343,352
V,1018
E,981,1018
E,982,1018
E,983,1018
E,1017,1018
E,1018,1020
V,736
E,46,736
E,731,736
E,732,736
E,736,737
E,736,738
E,736,747
V,345
E,79,345
E,313,345
E,329,345
E,331,345
E,341,345
E,344,345
E,345,346
V,158
E,149,158
E,158,600
E,158,614
E,158,616
V,983
E,981,983
E,983,998
E,983,999
E,983,1016
E,983,1017
E,983,1018
V,227
E,227,229
E,227,905
E,227,906
E,227,916
E,227,920
E,227,921
E,227,941
E,227,943
V,369
E,93,369
E,94,369
E,367,369
E,369,912
E,369,913
V,929
E,929,930
E,929,931
E,929,936
E,929,937
E,929,938
E,929,940
E,929,992
V,1020
E,256,1020
E,982,1020
E,1017,1020
E,1018,1020
E,1020,1021
E,1020,1023
V,526
E,129,526
E,517,526
E,524,526
E,525,526
V,152
E,29,152
E,119,152
E,151,152
E,152,545
E,152,546
E,152,547
E,152,548
V,861
E,61,861
E,216,861
E,232,861
E,857,861
E,859,861
E,860,861
E,861,862
E,861,874
V,710
E,175,710
E,696,710
E,702,710
E,708,710
E,710,711
E,710,713
E,710,715
V,827
E,208,827
E,209,827
E,211,827
E,789,827
E,827,830
E,827,831
