V,185
E,185,186
E,185,199
E,185,200
E,185,741
E,185,742
E,185,781
V,109
E,109,407
E,109,413
E,109,423
E,109,424
E,109,425
E,109,442
V,25
E,23,25
E,25,377
E,25,379
E,25,387
E,25,388
E,25,640
V,666
E,13,666
E,164,666
E,666,668
E,666,674
E,666,675
E,666,677
V,514
E,189,514
E,493,514
E,510,514
E,513,514
E,514,516
E,514,561
E,514,574
V,584
E,32,584
E,146,584
E,147,584
E,567,584
E,581,584
E,583,584
V,716
E,174,716
E,714,716
E,716,717
E,716,723
E,716,724
E,716,727
V,768
E,193,768
E,767,768
E,768,769
E,768,771
V,689
E,37,689
E,38,689
E,689,690
E,689,693
E,689,695
E,689,699
V,143
E,142,143
E,143,563
E,143,572
E,143,574
V,848
E,55,848
E,845,848
E,847,848
E,848,849
E,848,854
V,515
E,515,516
E,515,517
E,515,518
E,515,519
V,163
E,163,665
E,163,677
E,163,678
E,163,680
E,163,685
E,163,686
V,218
E,41,218
E,217,218
E,218,834
E,218,837
E,218,838
E,218,869
V,380
E,98,380
E,373,380
E,375,380
E,378,380
E,380,381
E,380,382
V,258
E,69,258
E,257,258
E,258,259
E,258,260
E,258,267
V,476
E,121,476
E,475,476
E,476,477
E,476,481
V,813
E,14,813
E,658,813
E,813,814
E,813,817
E,813,818
V,704
E,176,704
E,178,704
E,703,704
E,704,705
E,704,706
V,120
E,120,136
E,120,522
E,120,533
E,120,535
E,120,536
V,809
E,43,809
E,809,810
E,809,811
E,809,812
E,809,824
E,809,826
V,191
E,188,191
E,191,756
E,191,757
E,191,763
E,191,766
V,645
E,225,645
E,644,645
E,645,646
E,645,650
E,645,898
V,470
E,403,470
E,465,470
E,466,470
E,467,470
E,468,470
E,470,471
V,160
E,160,383
E,160,385
E,160,641
E,160,642
E,160,643
V,790
E,788,790
E,790,792
E,790,828
E,790,829
V,843
E,840,843
E,841,843
E,842,843
E,843,844
E,843,845
E,843,847
E,843,855
V,681
E,647,681
E,665,681
E,680,681
E,681,682
E,681,683
E,681,684
E,681,685
V,473
E,9,473
E,473,475
E,473,481
E,473,482
E,473,483
E,473,490
V,339
E,17,339
E,83,339
E,84,339
E,332,339
E,335,339
E,337,339
E,338,339
E,339,340
V,995
E,60,995
E,232,995
E,865,995
E,994,995
E,995,996
V,859
E,858,859
E,859,860
E,859,861
E,859,873
E,859,874
V,630
E,629,630
E,630,631
E,630,632
E,630,634
E,630,637
E,630,639
V,753
E,190,753
E,751,753
E,752,753
E,753,754
E,753,756
E,753,758
V,147
E,32,147
E,147,549
E,147,552
E,147,583
E,147,584
E,147,586
E,147,589
V,889
E,58,889
E,887,889
E,888,889
E,889,905
E,889,922
V,57
E,57,58
E,57,224
E,57,886
E,57,922
V,212
E,55,212
E,212,214
E,212,846
E,212,847
E,212,850
V,909
E,900,909
E,901,909
E,906,909
E,907,909
E,908,909
E,909,915
V,904
E,887,904
E,888,904
E,893,904
E,895,904
E,896,904
E,901,904
E,902,904
E,903,904
V,926
E,917,926
E,918,926
E,926,927
E,926,928
E,926,940
V,193
E,193,764
E,193,765
E,193,767
E,193,768
E,193,769
V,15
E,15,821
E,15,832
E,15,834
E,15,835
E,15,839
E,15,842
V,108
E,108,274
E,108,277
E,108,419
E,108,420
E,108,421
V,949
E,3,949
E,16,949
E,948,949
E,949,957
V,712
E,697,712
E,711,712
E,712,713
E,712,728
E,712,729
V,201
E,201,202
E,201,203
E,201,797
E,201,798
E,201,799
V,760
E,48,760
E,49,760
E,187,760
E,196,760
E,759,760
E,760,778
V,913
E,82,913
E,336,913
E,337,913
E,367,913
E,368,913
E,369,913
E,911,913
E,912,913
E,913,914
V,633
E,615,633
E,618,633
E,628,633
E,633,634
V,780
E,199,780
E,779,780
E,780,781
E,780,783
E,780,785
E,780,795
E,780,796
V,1021
E,254,1021
E,255,1021
E,1017,1021
E,1019,1021
E,1020,1021
E,1021,1022
E,1021,1023
V,456
E,114,456
E,115,456
E,455,456
E,456,457
E,456,490
V,452
E,451,452
E,452,453
E,452,455
E,452,457
E,452,459
V,913
E,82,913
E,336,913
E,337,913
E,367,913
E,368,913
E,369,913
E,911,913
E,912,913
E,913,914
V,556
E,119,556
E,546,556
E,555,556
V,124
E,124,480
E,124,481
E,124,482
E,124,484
E,124,485
E,124,540
E,124,541
V,875
E,869,875
E,871,875
E,875,876
E,875,877
E,875,878
E,875,923
E,875,925
V,791
E,205,791
E,206,791
E,207,791
E,791,792
E,791,808
E,791,825
V,807
E,203,807
E,205,807
E,799,807
E,806,807
E,807,808
V,627
E,8,627
E,156,627
E,157,627
E,626,627
E,627,628
E,627,629
E,627,631
V,801
E,202,801
E,671,801
E,738,801
E,739,801
E,797,801
E,801,802
V,479
E,31,479
E,121,479
E,477,479
E,478,479
E,479,480
E,479,610
V,775
E,47,775
E,48,775
E,50,775
E,195,775
E,196,775
E,773,775
E,775,777
V,603
E,590,603
E,591,603
E,593,603
E,594,603
E,599,603
E,602,603
V,956
E,3,956
E,16,956
E,21,956
E,241,956
E,242,956
E,955,956
E,956,959
E,956,960
E,956,964
V,799
E,201,799
E,203,799
E,797,799
E,799,800
E,799,805
E,799,806
E,799,807
E,799,811
V,918
E,917,918
E,918,919
E,918,920
E,918,926
E,918,940
E,918,941
V,409
E,102,409
E,117,409
E,401,409
E,402,409
E,403,409
E,404,409
E,408,409
E,409,412
V,264
E,66,264
E,262,264
E,263,264
E,264,271
E,264,280
E,264,298
V,382
E,95,382
E,372,382
E,373,382
E,380,382
E,381,382
E,382,899
E,382,910
V,45
E,11,45
E,45,52
E,45,798
V,774
E,47,774
E,771,774
E,772,774
E,773,774
V,639
E,385,639
E,629,639
E,630,639
E,637,639
E,638,639
E,639,640
V,881
E,223,881
E,880,881
E,881,882
E,881,883
E,881,884
E,881,890
E,881,892
V,1001
E,62,1001
E,253,1001
E,1001,1003
E,1001,1010
E,1001,1016
E,1001,1017
E,1001,1019
V,666
E,13,666
E,164,666
E,666,668
E,666,674
E,666,675
E,666,677
V,143
E,142,143
E,143,563
E,143,572
E,143,574
V,591
E,583,591
E,586,591
E,590,591
E,591,592
E,591,594
E,591,603
V,696
E,175,696
E,695,696
E,696,697
E,696,698
E,696,710
E,696,711
V,91
E,24,91
E,91,361
E,91,362
E,91,363
E,91,366
E,91,376
V,1003
E,62,1003
E,997,1003
E,998,1003
E,1001,1003
E,1002,1003
E,1003,1004
E,1003,1016
V,716
E,174,716
E,714,716
E,716,717
E,716,723
E,716,724
E,716,727
V,503
E,125,503
E,126,503
E,127,503
E,503,511
E,503,520
E,503,521
E,503,538
V,571
E,145,571
E,564,571
E,567,571
E,570,571
E,571,585
V,804
E,14,804
E,165,804
E,659,804
E,669,804
E,670,804
E,803,804
E,804,814
V,653
E,42,653
E,653,654
E,653,655
E,653,660
V,970
E,236,970
E,951,970
E,952,970
E,968,970
E,969,970
E,970,973
V,778
E,48,778
E,759,778
E,760,778
E,761,778
V,397
E,101,397
E,102,397
E,395,397
E,396,397
E,397,398
E,397,399
V,482
E,124,482
E,473,482
E,481,482
E,482,483
E,482,484
V,210
E,210,833
E,210,835
E,210,842
E,210,844
V,611
E,118,611
E,153,611
E,478,611
E,611,612
E,611,621
E,611,622
V,496
E,485,496
E,486,496
E,495,496
E,496,497
E,496,499
E,496,502
V,894
E,652,894
E,654,894
E,656,894
E,891,894
E,893,894
E,894,895
V,820
E,41,820
E,219,820
E,812,820
E,817,820
E,818,820
E,819,820
E,820,823
V,717
E,174,717
E,715,717
E,716,717
E,717,718
E,717,724
V,319
E,20,319
E,317,319
E,318,319
E,319,322
V,896
E,2,896
E,652,896
E,895,896
E,896,897
E,896,899
E,896,900
E,896,901
E,896,904
V,260
E,67,260
E,257,260
E,258,260
E,259,260
E,260,261
V,137
E,137,139
E,137,560
E,137,564
E,137,570
E,137,572
V,52
E,11,52
E,45,52
E,52,186
E,52,200
E,52,739
E,52,740
E,52,798
V,909
E,900,909
E,901,909
E,906,909
E,907,909
E,908,909
E,909,915
V,226
E,226,637
E,226,638
E,226,644
E,226,646
E,226,683
E,226,684
V,958
E,240,958
E,241,958
E,321,958
E,323,958
E,958,959
V,602
E,590,602
E,599,602
E,601,602
E,602,603
E,602,604
E,602,606
V,517
E,129,517
E,515,517
E,516,517
E,517,519
E,517,525
E,517,526
E,517,561
V,68
E,6,68
E,68,281
E,68,282
E,68,291
E,68,294
E,68,297
E,68,298
V,778
E,48,778
E,759,778
E,760,778
E,761,778
V,107
E,71,107
E,106,107
E,107,277
E,107,284
E,107,285
E,107,416
E,107,417
E,107,418
V,382
E,95,382
E,372,382
E,373,382
E,380,382
E,381,382
E,382,899
E,382,910
V,295
E,19,295
E,74,295
E,75,295
E,76,295
E,293,295
E,295,304
V,278
E,272,278
E,275,278
E,276,278
E,278,279
E,278,280
E,278,285
V,1000
E,60,1000
E,989,1000
E,991,1000
E,996,1000
E,997,1000
E,998,1000
E,999,1000
V,489
E,483,489
E,486,489
E,488,489
E,489,491
E,489,492
E,489,493
E,489,494
V,164
E,13,164
E,164,666
E,164,667
E,164,668
E,164,669
E,164,670
V,872
E,56,872
E,215,872
E,217,872
E,869,872
E,870,872
E,872,873
V,328
E,81,328
E,317,328
E,320,328
E,321,328
E,323,328
E,325,328
V,676
E,169,676
E,170,676
E,171,676
E,675,676
E,676,692
V,781
E,185,781
E,199,781
E,742,781
E,776,781
E,780,781
E,781,782
E,781,783
V,773
E,47,773
E,50,773
E,771,773
E,773,774
E,773,775
E,773,784
V,646
E,225,646
E,226,646
E,644,646
E,645,646
E,646,647
E,646,649
E,646,684
V,79
E,79,80
E,79,329
E,79,330
E,79,332
E,79,340
E,79,341
E,79,342
E,79,345
V,601
E,597,601
E,599,601
E,600,601
E,601,602
E,601,606
V,505
E,497,505
E,498,505
E,499,505
E,505,506
E,505,507
V,842
E,15,842
E,210,842
E,835,842
E,839,842
E,841,842
E,842,843
E,842,844
V,626
E,8,626
E,157,626
E,390,626
E,626,627
V,744
E,186,744
E,187,744
E,744,745
E,744,746
V,345
E,79,345
E,313,345
E,329,345
E,331,345
E,341,345
E,344,345
E,345,346
V,384
E,40,384
E,95,384
E,96,384
E,383,384
E,384,641
V,226
E,226,637
E,226,638
E,226,644
E,226,646
E,226,683
E,226,684
V,297
E,6,297
E,68,297
E,294,297
E,296,297
E,297,302
E,297,303
V,331
E,18,331
E,80,331
E,313,331
E,329,331
E,331,345
V,662
E,648,662
E,660,662
E,661,662
E,662,663
E,662,664
V,731
E,46,731
E,168,731
E,173,731
E,673,731
E,694,731
E,731,732
E,731,736
V,289
E,72,289
E,73,289
E,286,289
E,287,289
E,288,289
E,289,290
E,289,353
V,311
E,305,311
E,308,311
E,309,311
E,310,311
E,311,312
E,311,313
E,311,315
E,311,346
V,0
V,542
E,31,542
E,122,542
E,480,542
E,541,542
E,542,543
E,542,546
V,274
E,28,274
E,70,274
E,108,274
E,274,275
E,274,276
E,274,277
E,274,421
E,274,430
V,238
E,229,238
E,235,238
E,237,238
E,238,916
E,238,937
E,238,938
E,238,941
E,238,942
V,971
E,233,971
E,933,971
E,934,971
E,935,971
E,952,971
E,971,972
V,807
E,203,807
E,205,807
E,799,807
E,806,807
E,807,808
V,792
E,207,792
E,786,792
E,788,792
E,790,792
E,791,792
E,792,808
E,792,828
V,719
E,178,719
E,189,719
E,576,719
E,709,719
E,719,720
E,719,754
V,424
E,109,424
E,422,424
E,423,424
E,424,425
E,424,426
E,424,427
E,424,428
V,232
E,60,232
E,61,232
E,232,860
E,232,861
E,232,865
E,232,868
E,232,871
E,232,995
V,554
E,34,554
E,119,554
E,551,554
E,554,555
E,554,559
V,326
E,324,326
E,325,326
E,326,327
E,326,333
E,326,334
E,326,947
V,621
E,30,621
E,153,621
E,608,621
E,611,621
E,613,621
E,619,621
E,620,621
E,621,622
V,687
E,161,687
E,162,687
E,172,687
E,679,687
E,686,687
E,687,688
V,466
E,403,466
E,404,466
E,463,466
E,464,466
E,465,466
E,466,470
V,203
E,197,203
E,201,203
E,203,793
E,203,798
E,203,799
E,203,807
E,203,808
V,185
E,185,186
E,185,199
E,185,200
E,185,741
E,185,742
E,185,781
V,311
E,305,311
E,308,311
E,309,311
E,310,311
E,311,312
E,311,313
E,311,315
E,311,346
V,479
E,31,479
E,121,479
E,477,479
E,478,479
E,479,480
E,479,610
V,361
E,90,361
E,91,361
E,361,362
E,361,376
E,361,394
V,720
E,709,720
E,718,720
E,719,720
E,720,721
E,720,754
V,160
E,160,383
E,160,385
E,160,641
E,160,642
E,160,643
V,856
E,215,856
E,217,856
E,838,856
E,839,856
E,840,856
E,855,856
V,169
E,168,169
E,169,675
E,169,676
E,169,692
E,169,693
E,169,694
V,93
E,24,93
E,93,94
E,93,366
E,93,367
E,93,369
E,93,370
E,93,372
V,206
E,204,206
E,206,207
E,206,791
E,206,824
E,206,825
E,206,826
V,615
E,613,615
E,614,615
E,615,616
E,615,617
E,615,618
E,615,633
E,615,634
E,615,635
V,627
E,8,627
E,156,627
E,157,627
E,626,627
E,627,628
E,627,629
E,627,631
V,743
E,186,743
E,187,743
E,742,743
E,743,776
E,743,777
V,94
E,93,94
E,94,369
E,94,370
E,94,371
E,94,912
V,538
E,125,538
E,503,538
E,504,538
E,521,538
E,537,538
V,640
E,25,640
E,385,640
E,386,640
E,387,640
E,388,640
E,629,640
E,639,640
V,641
E,95,641
E,160,641
E,383,641
E,384,641
E,641,642
E,641,898
V,895
E,652,895
E,893,895
E,894,895
E,895,896
E,895,904
V,833
E,210,833
E,831,833
E,833,835
E,833,844
E,833,846
V,3
E,3,16
E,3,948
E,3,949
E,3,954
E,3,955
E,3,956
V,79
E,79,80
E,79,329
E,79,330
E,79,332
E,79,340
E,79,341
E,79,342
E,79,345
V,703
E,176,703
E,701,703
E,702,703
E,703,704
E,703,705
V,1002
E,62,1002
E,1002,1003
E,1002,1004
E,1002,1005
E,1002,1006
E,1002,1007
V,919
E,230,919
E,917,919
E,918,919
E,919,920
E,919,924
V,235
E,234,235
E,235,237
E,235,238
E,235,933
E,235,936
E,235,937
E,235,951
V,31
E,31,479
E,31,480
E,31,542
E,31,546
E,31,610
V,197
E,197,198
E,197,203
E,197,779
E,197,793
E,197,794
E,197,795
E,197,796
E,197,798
V,344
E,77,344
E,78,344
E,310,344
E,341,344
E,344,345
E,344,346
E,344,347
V,861
E,61,861
E,216,861
E,232,861
E,857,861
E,859,861
E,860,861
E,861,862
E,861,874
V,195
E,47,195
E,48,195
E,195,761
E,195,762
E,195,770
E,195,772
E,195,775
V,93
E,24,93
E,93,94
E,93,366
E,93,367
E,93,369
E,93,370
E,93,372
V,758
E,49,758
E,188,758
E,751,758
E,753,758
E,755,758
E,756,758
E,757,758
E,758,759
E,758,761
V,349
E,85,349
E,341,349
E,342,349
E,348,349
E,349,350
E,349,351
V,759
E,49,759
E,758,759
E,759,760
E,759,761
E,759,778
V,613
E,156,613
E,607,613
E,608,613
E,613,614
E,613,615
E,613,617
E,613,619
E,613,621
V,156
E,156,157
E,156,613
E,156,617
E,156,619
E,156,620
E,156,625
E,156,627
E,156,628
V,583
E,147,583
E,581,583
E,583,584
E,583,586
E,583,591
E,583,592
V,170
E,170,171
E,170,675
E,170,676
E,170,677
E,170,678
V,519
E,129,519
E,511,519
E,515,519
E,517,519
E,518,519
E,519,520
V,467
E,116,467
E,467,468
E,467,469
E,467,470
E,467,471
V,183
E,167,183
E,183,184
E,183,725
E,183,747
E,183,748
V,51
E,51,204
E,51,219
E,51,220
E,51,823
V,818
E,812,818
E,813,818
E,814,818
E,817,818
E,818,820
V,208
E,208,789
E,208,827
E,208,829
E,208,830
V,1015
E,64,1015
E,251,1015
E,253,1015
E,1014,1015
E,1015,1024
V,189
E,189,190
E,189,514
E,189,574
E,189,576
E,189,719
E,189,754
E,189,756
E,189,767
V,841
E,839,841
E,840,841
E,841,842
E,841,843
V,106
E,71,106
E,106,107
E,106,416
V,559
E,10,559
E,34,559
E,138,559
E,544,559
E,554,559
E,555,559
E,557,559
V,530
E,131,530
E,527,530
E,529,530
E,530,531
E,530,562
V,888
E,58,888
E,223,888
E,887,888
E,888,889
E,888,890
E,888,893
E,888,904
V,231
E,231,250
E,231,863
E,231,931
E,231,992
E,231,993
