V,0
V,1
V,2
V,3
V,4
V,5
V,6
V,7
V,8
V,9
V,10
V,11
V,12
V,13
V,14
V,15
V,16
V,17
V,18
V,19
V,20
V,21
V,22
V,23
V,24
V,25
V,26
V,27
V,28
V,29
V,30
V,31
V,32
V,33
V,34
V,35
V,36
V,37
V,38
V,39
V,40
V,41
V,42
V,43
V,44
V,45
V,46
V,47
V,48
V,49
V,50
V,51
V,52
V,53
V,54
V,55
V,56
V,57
V,58
V,59
V,60
V,61
V,62
V,63
V,64
V,65
V,66
V,67
V,68
V,69
V,70
V,71
V,72
V,73
V,74
V,75
V,76
V,77
V,78
V,79
V,80
V,81
V,82
V,83
V,84
V,85
V,86
V,87
V,88
V,89
V,90
V,91
V,92
V,93
V,94
V,95
V,96
V,97
V,98
V,99
V,100
V,101
V,102
V,103
V,104
V,105
V,106
V,107
V,108
V,109
V,110
V,111
V,112
V,113
V,114
V,115
V,116
V,117
V,118
V,119
V,120
V,121
V,122
V,123
V,124
V,125
V,126
V,127
V,128
V,129
V,130
V,131
V,132
V,133
V,134
V,135
V,136
V,137
V,138
V,139
V,140
V,141
V,142
V,143
V,144
V,145
V,146
V,147
V,148
V,149
V,150
V,151
V,152
V,153
V,154
V,155
V,156
V,157
V,158
V,159
V,160
V,161
V,162
V,163
V,164
V,165
V,166
V,167
V,168
V,169
V,170
V,171
V,172
V,173
V,174
V,175
V,176
V,177
V,178
V,179
V,180
V,181
V,182
V,183
V,184
V,185
V,186
V,187
V,188
V,189
V,190
V,191
V,192
V,193
V,194
V,195
V,196
V,197
V,198
V,199
V,200
V,201
V,202
V,203
V,204
V,205
V,206
V,207
V,208
V,209
V,210
V,211
V,212
V,213
V,214
V,215
V,216
V,217
V,218
V,219
V,220
V,221
V,222
V,223
V,224
V,225
V,226
V,227
V,228
V,229
V,230
V,231
V,232
V,233
V,234
V,235
V,236
V,237
V,238
V,239
V,240
V,241
V,242
V,243
V,244
V,245
V,246
V,247
V,248
V,249
V,250
V,251
V,252
V,253
V,254
V,255
V,256
V,257
V,258
V,259
V,260
V,261
V,262
V,263
V,264
V,265
V,266
V,267
V,268
V,269
V,270
V,271
V,272
V,273
V,274
V,275
V,276
V,277
V,278
V,279
V,280
V,281
V,282
V,283
V,284
V,285
V,286
V,287
V,288
V,289
V,290
V,291
V,292
V,293
V,294
V,295
V,296
V,297
V,298
V,299
V,300
V,301
V,302
V,303
V,304
V,305
V,306
V,307
V,308
V,309
V,310
V,311
V,312
V,313
V,314
V,315
V,316
V,317
V,318
V,319
V,320
V,321
V,322
V,323
V,324
V,325
V,326
V,327
V,328
V,329
V,330
V,331
V,332
V,333
V,334
V,335
V,336
V,337
V,338
V,339
V,340
V,341
V,342
V,343
V,344
V,345
V,346
V,347
V,348
V,349
V,350
V,351
V,352
V,353
V,354
V,355
V,356
V,357
V,358
V,359
V,360
V,361
V,362
V,363
V,364
V,365
V,366
V,367
V,368
V,369
V,370
V,371
V,372
V,373
V,374
V,375
V,376
V,377
V,378
V,379
V,380
V,381
V,382
V,383
V,384
V,385
V,386
V,387
V,388
V,389
V,390
V,391
V,392
V,393
V,394
V,395
V,396
V,397
V,398
V,399
V,400
V,401
V,402
V,403
V,404
V,405
V,406
V,407
V,408
V,409
V,410
V,411
V,412
V,413
V,414
V,415
V,416
V,417
V,418
V,419
V,420
V,421
V,422
V,423
V,424
V,425
V,426
V,427
V,428
V,429
V,430
V,431
V,432
V,433
V,434
V,435
V,436
V,437
V,438
V,439
V,440
V,441
V,442
V,443
V,444
V,445
V,446
V,447
V,448
V,449
V,450
V,451
V,452
V,453
V,454
V,455
V,456
V,457
V,458
V,459
V,460
V,461
V,462
V,463
V,464
V,465
V,466
V,467
V,468
V,469
V,470
V,471
V,472
V,473
V,474
V,475
V,476
V,477
V,478
V,479
V,480
V,481
V,482
V,483
V,484
V,485
V,486
V,487
V,488
V,489
V,490
V,491
V,492
V,493
V,494
V,495
V,496
V,497
V,498
V,499
V,500
V,501
V,502
V,503
V,504
V,505
V,506
V,507
V,508
V,509
V,510
V,511
V,512
V,513
V,514
V,515
V,516
V,517
V,518
V,519
V,520
V,521
V,522
V,523
V,524
V,525
V,526
V,527
V,528
V,529
V,530
V,531
V,532
V,533
V,534
V,535
V,536
V,537
V,538
V,539
V,540
V,541
V,542
V,543
V,544
V,545
V,546
V,547
V,548
V,549
V,550
V,551
V,552
V,553
V,554
V,555
V,556
V,557
V,558
V,559
V,560
V,561
V,562
V,563
V,564
V,565
V,566
V,567
V,568
V,569
V,570
V,571
V,572
V,573
V,574
V,575
V,576
V,577
V,578
V,579
V,580
V,581
V,582
V,583
V,584
V,585
V,586
V,587
V,588
V,589
V,590
V,591
V,592
V,593
V,594
V,595
V,596
V,597
V,598
V,599
V,600
V,601
V,602
V,603
V,604
V,605
V,606
V,607
V,608
V,609
V,610
V,611
V,612
V,613
V,614
V,615
V,616
V,617
V,618
V,619
V,620
V,621
V,622
V,623
V,624
V,625
V,626
V,627
V,628
V,629
V,630
V,631
V,632
V,633
V,634
V,635
V,636
V,637
V,638
V,639
V,640
V,641
V,642
V,643
V,644
V,645
V,646
V,647
V,648
V,649
V,650
V,651
V,652
V,653
V,654
V,655
V,656
V,657
V,658
V,659
V,660
V,661
V,662
V,663
V,664
V,665
V,666
V,667
V,668
V,669
V,670
V,671
V,672
V,673
V,674
V,675
V,676
V,677
V,678
V,679
V,680
V,681
V,682
V,683
V,684
V,685
V,686
V,687
V,688
V,689
V,690
V,691
V,692
V,693
V,694
V,695
V,696
V,697
V,698
V,699
V,700
V,701
V,702
V,703
V,704
V,705
V,706
V,707
V,708
V,709
V,710
V,711
V,712
V,713
V,714
V,715
V,716
V,717
V,718
V,719
V,720
V,721
V,722
V,723
V,724
V,725
V,726
V,727
V,728
V,729
V,730
V,731
V,732
V,733
V,734
V,735
V,736
V,737
V,738
V,739
V,740
V,741
V,742
V,743
V,744
V,745
V,746
V,747
V,748
V,749
V,750
V,751
V,752
V,753
V,754
V,755
V,756
V,757
V,758
V,759
V,760
V,761
V,762
V,763
V,764
V,765
V,766
V,767
V,768
V,769
V,770
V,771
V,772
V,773
V,774
V,775
V,776
V,777
V,778
V,779
V,780
V,781
V,782
V,783
V,784
V,785
V,786
V,787
V,788
V,789
V,790
V,791
V,792
V,793
V,794
V,795
V,796
V,797
V,798
V,799
V,800
V,801
V,802
V,803
V,804
V,805
V,806
V,807
V,808
V,809
V,810
V,811
V,812
V,813
V,814
V,815
V,816
V,817
V,818
V,819
V,820
V,821
V,822
V,823
V,824
V,825
V,826
V,827
V,828
V,829
V,830
V,831
V,832
V,833
V,834
V,835
V,836
V,837
V,838
V,839
V,840
V,841
V,842
V,843
V,844
V,845
V,846
V,847
V,848
V,849
V,850
V,851
V,852
V,853
V,854
V,855
V,856
V,857
V,858
V,859
V,860
V,861
V,862
V,863
V,864
V,865
V,866
V,867
V,868
V,869
V,870
V,871
V,872
V,873
V,874
V,875
V,876
V,877
V,878
V,879
V,880
V,881
V,882
V,883
V,884
V,885
V,886
V,887
V,888
V,889
V,890
V,891
V,892
V,893
V,894
V,895
V,896
V,897
V,898
V,899
V,900
V,901
V,902
V,903
V,904
V,905
V,906
V,907
V,908
V,909
V,910
V,911
V,912
V,913
V,914
V,915
V,916
V,917
V,918
V,919
V,920
V,921
V,922
V,923
V,924
V,925
V,926
V,927
V,928
V,929
V,930
V,931
V,932
V,933
V,934
V,935
V,936
V,937
V,938
V,939
V,940
V,941
V,942
V,943
V,944
V,945
V,946
V,947
V,948
V,949
V,950
V,951
V,952
V,953
V,954
V,955
V,956
V,957
V,958
V,959
V,960
V,961
V,962
V,963
V,964
V,965
V,966
V,967
V,968
V,969
V,970
V,971
V,972
V,973
V,974
V,975
V,976
V,977
V,978
V,979
V,980
V,981
V,982
V,983
V,984
V,985
V,986
V,987
V,988
V,989
V,990
V,991
V,992
V,993
V,994
V,995
V,996
V,997
V,998
V,999
V,1000
V,1001
V,1002
V,1003
V,1004
V,1005
V,1006
V,1007
V,1008
V,1009
V,1010
V,1011
V,1012
V,1013
V,1014
V,1015
V,1016
V,1017
V,1018
V,1019
V,1020
V,1021
V,1022
V,1023
V,1024
E,3,16,2
E,5,20,1
E,23,25,10
E,7,26,10
E,4,28,6
E,11,45,3
E,11,52,5
E,45,52,3
E,53,54,1
E,54,55,6
E,57,58,3
E,60,61,4
E,1,65,3
E,6,66,6
E,65,66,6
E,6,68,5
E,28,70,5
E,69,70,6
E,71,73,1
E,19,74,3
E,19,76,10
E,75,76,7
E,77,78,1
E,18,80,9
E,79,80,2
E,18,81,5
E,83,84,4
E,84,85,4
E,83,86,7
E,86,87,8
E,72,88,5
E,87,88,4
E,24,91,10
E,24,92,2
E,24,93,5
E,93,94,10
E,40,96,7
E,95,96,2
E,97,98,7
E,98,99,8
E,89,100,5
E,26,101,3
E,89,101,8
E,100,101,3
E,101,103,9
E,103,104,10
E,87,105,10
E,71,106,8
E,71,107,1
E,106,107,3
E,111,112,2
E,113,114,5
E,9,115,8
E,9,116,7
E,116,118,7
E,118,121,5
E,122,123,5
E,125,126,6
E,126,127,1
E,128,129,1
E,127,130,6
E,132,133,5
E,10,134,3
E,120,136,8
E,128,136,1
E,10,138,6
E,33,138,9
E,34,138,6
E,134,138,8
E,33,139,3
E,137,139,6
E,138,139,4
E,33,140,6
E,131,140,3
E,134,140,2
E,138,140,3
E,33,141,9
E,139,141,2
E,141,142,5
E,142,143,3
E,36,146,6
E,32,147,7
E,38,148,8
E,29,151,7
E,29,152,4
E,119,152,2
E,151,152,3
E,153,154,10
E,153,155,3
E,156,157,3
E,149,158,6
E,159,161,7
E,161,162,8
E,13,164,10
E,43,166,6
E,44,168,3
E,168,169,3
E,170,171,9
E,171,172,8
E,12,173,8
E,175,176,1
E,176,178,3
E,179,180,8
E,179,181,8
E,180,181,10
E,181,182,2
E,167,183,1
E,183,184,5
E,52,186,3
E,185,186,4
E,49,187,9
E,186,187,3
E,189,190,8
E,188,191,2
E,192,194,7
E,47,195,9
E,48,195,4
E,48,196,3
E,187,196,7
E,197,198,4
E,185,199,9
E,52,200,7
E,185,200,1
E,186,200,3
E,199,200,6
E,11,202,3
E,201,202,7
E,197,203,3
E,201,203,9
E,51,204,8
E,204,206,8
E,204,207,2
E,206,207,4
E,209,211,1
E,55,212,2
E,56,213,3
E,53,214,1
E,212,214,1
E,56,215,4
E,215,217,7
E,41,218,10
E,217,218,2
E,41,219,10
E,51,219,8
E,41,220,7
E,51,220,6
E,204,220,10
E,207,220,1
E,219,220,9
E,14,222,7
E,58,223,2
E,57,224,2
E,221,224,2
E,227,229,8
E,221,230,10
E,224,230,2
E,60,232,2
E,61,232,3
E,234,235,1
E,234,236,3
E,22,237,10
E,235,237,6
E,229,238,4
E,235,238,2
E,237,238,1
E,5,239,1
E,20,239,8
E,16,240,1
E,16,241,7
E,240,241,5
E,1,243,9
E,5,243,7
E,21,243,6
E,65,243,3
E,59,245,10
E,244,245,5
E,59,247,4
E,245,247,5
E,231,250,7
E,64,252,5
E,64,253,4
E,251,253,8
E,63,255,5
E,254,255,9
E,243,256,9
E,246,256,6
E,69,257,8
E,110,257,8
E,69,258,8
E,257,258,6
E,67,259,4
E,258,259,6
E,67,260,4
E,257,260,2
E,258,260,4
E,259,260,3
E,65,261,6
E,67,261,2
E,260,261,10
E,66,262,2
E,67,262,6
E,261,262,9
E,262,263,3
E,66,264,3
E,262,264,5
E,263,264,2
E,67,265,6
E,262,265,3
E,263,265,7
E,67,266,6
E,70,266,1
E,265,266,9
E,69,267,10
E,70,267,4
E,258,267,5
E,259,267,7
E,266,267,7
E,67,268,9
E,259,268,7
E,266,268,8
E,267,268,1
E,70,270,1
E,265,270,2
E,266,270,9
E,269,270,5
E,263,271,5
E,264,271,5
E,265,271,5
E,269,271,3
E,270,271,6
E,70,272,3
E,269,272,8
E,270,272,5
E,28,273,7
E,69,273,8
E,70,273,7
E,110,273,8
E,257,273,1
E,28,274,9
E,70,274,1
E,108,274,10
E,70,275,2
E,272,275,4
E,274,275,9
E,274,276,8
E,275,276,8
E,107,277,5
E,108,277,9
E,274,277,5
E,276,277,10
E,272,278,2
E,275,278,10
E,276,278,6
E,278,279,10
E,264,280,6
E,269,280,10
E,271,280,3
E,272,280,1
E,278,280,8
E,279,280,1
E,68,281,9
E,279,281,1
E,280,281,5
E,68,282,9
E,73,282,2
E,281,282,7
E,72,283,10
E,73,283,3
E,282,283,10
E,71,284,9
E,73,284,2
E,107,284,10
E,279,284,2
E,281,284,3
E,282,284,10
E,107,285,5
E,276,285,1
E,277,285,10
E,278,285,7
E,279,285,4
E,284,285,4
E,71,286,7
E,73,286,4
E,286,287,9
E,72,288,8
E,87,288,4
E,88,288,9
E,105,288,3
E,72,289,9
E,73,289,3
E,286,289,7
E,287,289,5
E,288,289,10
E,72,290,9
E,73,290,1
E,283,290,7
E,289,290,2
E,68,291,3
E,72,291,3
E,282,291,2
E,283,291,1
E,19,292,3
E,72,292,10
E,77,292,9
E,291,292,8
E,74,293,10
E,19,294,10
E,68,294,6
E,76,294,3
E,291,294,4
E,292,294,4
E,19,295,3
E,74,295,7
E,75,295,10
E,76,295,2
E,293,295,4
E,76,296,5
E,294,296,2
E,6,297,10
E,68,297,4
E,294,297,7
E,296,297,2
E,6,298,1
E,66,298,6
E,68,298,4
E,264,298,6
E,280,298,7
E,281,298,6
E,65,299,10
E,66,299,1
E,261,299,10
E,262,299,5
E,1,300,5
E,6,300,7
E,65,300,8
E,66,300,2
E,65,301,2
E,66,301,2
E,299,301,4
E,1,302,3
E,6,302,4
E,297,302,9
E,300,302,6
E,1,303,5
E,75,303,1
E,76,303,6
E,296,303,7
E,297,303,9
E,302,303,8
E,1,304,8
E,75,304,10
E,293,304,10
E,295,304,1
E,303,304,8
E,1,306,6
E,304,306,1
E,305,306,8
E,293,307,4
E,304,307,1
E,305,307,4
E,306,307,9
E,293,308,1
E,305,308,2
E,307,308,5
E,74,309,1
E,293,309,5
E,308,309,2
E,19,310,7
E,74,310,1
E,292,310,9
E,309,310,8
E,305,311,6
E,308,311,5
E,309,311,10
E,310,311,5
E,18,312,2
E,81,312,8
E,311,312,1
E,18,313,7
E,311,313,6
E,312,313,6
E,312,314,2
E,305,315,3
E,311,315,5
E,312,315,7
E,314,315,1
E,1,316,4
E,305,316,3
E,306,316,6
E,314,316,3
E,315,316,7
E,81,317,1
E,312,317,10
E,314,317,10
E,1,318,4
E,5,318,3
E,20,318,9
E,243,318,8
E,314,318,10
E,316,318,10
E,317,318,5
E,20,319,2
E,317,319,1
E,318,319,6
E,317,320,5
E,20,321,8
E,239,321,6
E,320,321,5
E,20,322,1
E,317,322,3
E,319,322,6
E,320,322,3
E,321,322,8
E,16,323,10
E,240,323,1
E,321,323,6
E,81,325,7
E,323,325,7
E,324,325,2
E,324,326,9
E,325,326,7
E,81,327,1
E,325,327,5
E,326,327,7
E,81,328,3
E,317,328,9
E,320,328,2
E,321,328,5
E,323,328,3
E,325,328,6
E,79,329,8
E,80,329,9
E,18,330,3
E,79,330,3
E,80,330,3
E,81,330,4
E,327,330,5
E,18,331,10
E,80,331,5
E,313,331,4
E,329,331,4
E,79,332,2
E,330,332,7
E,326,333,8
E,327,333,2
E,330,333,6
E,332,333,6
E,326,334,2
E,333,334,4
E,17,335,9
E,82,336,8
E,332,336,1
E,333,336,1
E,334,336,8
E,332,337,7
E,335,337,7
E,336,337,6
E,17,338,4
E,83,338,6
E,17,339,5
E,83,339,8
E,84,339,8
E,332,339,1
E,335,339,4
E,337,339,3
E,338,339,10
E,79,340,4
E,84,340,2
E,332,340,7
E,339,340,8
E,78,341,8
E,79,341,2
E,79,342,1
E,84,342,5
E,85,342,1
E,340,342,5
E,341,342,1
E,83,343,9
E,84,343,7
E,85,343,3
E,86,343,7
E,77,344,10
E,78,344,6
E,310,344,8
E,341,344,8
E,79,345,3
E,313,345,2
E,329,345,5
E,331,345,1
E,341,345,2
E,344,345,7
E,310,346,1
E,311,346,9
E,313,346,6
E,344,346,7
E,345,346,6
E,77,347,9
E,292,347,3
E,310,347,10
E,344,347,9
E,78,348,8
E,341,348,2
E,85,349,8
E,341,349,9
E,342,349,9
E,348,349,1
E,72,350,1
E,77,350,9
E,78,350,3
E,88,350,8
E,292,350,8
E,348,350,10
E,349,350,1
E,85,351,7
E,88,351,10
E,343,351,9
E,349,351,5
E,350,351,3
E,86,352,3
E,87,352,2
E,88,352,2
E,343,352,4
E,351,352,5
E,105,353,5
E,286,353,1
E,287,353,2
E,288,353,2
E,289,353,3
E,104,354,8
E,105,354,5
E,353,354,1
E,87,355,3
E,104,355,6
E,105,355,6
E,354,355,6
E,71,356,3
E,103,356,7
E,104,356,3
E,286,356,9
E,353,356,3
E,354,356,7
E,90,357,3
E,103,357,8
E,104,357,3
E,355,357,1
E,89,358,6
E,90,358,9
E,101,358,10
E,103,358,8
E,357,358,8
E,89,359,7
E,100,359,2
E,89,360,7
E,90,360,8
E,358,360,8
E,359,360,3
E,90,361,8
E,91,361,5
E,90,362,6
E,91,362,8
E,361,362,4
E,83,363,4
E,86,363,6
E,90,363,10
E,91,363,2
E,338,363,4
E,362,363,6
E,86,364,2
E,87,364,2
E,90,364,6
E,355,364,9
E,357,364,5
E,363,364,1
E,17,365,7
E,338,365,10
E,363,365,10
E,24,366,10
E,91,366,10
E,93,366,4
E,363,366,1
E,365,366,7
E,93,367,1
E,365,367,9
E,366,367,9
E,17,368,2
E,335,368,1
E,337,368,1
E,365,368,7
E,367,368,8
E,93,369,1
E,94,369,3
E,367,369,2
E,93,370,6
E,94,370,10
E,94,371,6
E,370,371,5
E,24,372,1
E,93,372,7
E,370,372,8
E,92,373,9
E,372,373,8
E,24,374,7
E,92,374,3
E,372,374,10
E,373,374,7
E,24,375,6
E,92,375,2
E,98,375,8
E,99,375,1
E,373,375,1
E,24,376,5
E,91,376,8
E,99,376,5
E,361,376,8
E,375,376,3
E,25,377,7
E,97,377,7
E,98,377,1
E,99,377,1
E,96,378,1
E,97,378,10
E,98,378,2
E,23,379,7
E,25,379,2
E,99,379,7
E,377,379,8
E,98,380,8
E,373,380,7
E,375,380,9
E,378,380,4
E,95,381,3
E,96,381,7
E,378,381,2
E,380,381,10
E,95,382,8
E,372,382,6
E,373,382,2
E,380,382,7
E,381,382,2
E,40,383,2
E,160,383,10
E,40,384,6
E,95,384,6
E,96,384,3
E,383,384,1
E,40,385,7
E,160,385,5
E,383,385,1
E,40,386,8
E,385,386,5
E,25,387,6
E,40,387,2
E,96,387,7
E,97,387,4
E,377,387,4
E,378,387,8
E,386,387,4
E,8,388,10
E,23,388,1
E,25,388,1
E,157,389,10
E,8,390,5
E,157,390,6
E,388,390,6
E,389,390,8
E,7,391,1
E,23,391,8
E,26,391,9
E,388,391,5
E,389,391,9
E,390,391,2
E,23,392,9
E,26,392,2
E,100,392,2
E,101,392,6
E,391,392,2
E,23,393,3
E,99,393,7
E,100,393,7
E,359,393,4
E,379,393,7
E,392,393,2
E,90,394,1
E,99,394,4
E,359,394,3
E,360,394,1
E,361,394,3
E,376,394,5
E,393,394,9
E,101,395,3
E,103,395,1
E,102,396,6
E,395,396,4
E,101,397,6
E,102,397,2
E,395,397,4
E,396,397,4
E,7,398,10
E,26,398,1
E,101,398,9
E,397,398,10
E,102,399,1
E,397,399,5
E,398,399,2
E,7,400,7
E,389,400,6
E,391,400,9
E,398,400,3
E,399,400,9
E,102,401,3
E,399,401,2
E,117,402,5
E,399,402,7
E,401,402,7
E,117,403,1
E,403,404,5
E,404,405,9
E,111,406,8
E,112,406,4
E,404,406,3
E,405,406,8
E,109,407,7
E,111,407,1
E,111,408,4
E,404,408,8
E,406,408,1
E,407,408,6
E,102,409,10
E,117,409,9
E,401,409,6
E,402,409,8
E,403,409,9
E,404,409,5
E,408,409,3
E,407,410,5
E,103,411,4
E,395,411,6
E,396,411,10
E,407,411,5
E,408,411,10
E,410,411,4
E,102,412,9
E,396,412,2
E,408,412,3
E,409,412,1
E,411,412,8
E,109,413,3
E,407,413,7
E,410,413,5
E,103,414,8
E,356,414,5
E,410,414,4
E,411,414,3
E,356,415,8
E,410,415,4
E,413,415,3
E,414,415,9
E,71,416,3
E,106,416,3
E,107,416,1
E,356,416,2
E,413,416,10
E,415,416,10
E,107,417,7
E,413,417,2
E,416,417,8
E,107,418,5
E,277,418,5
E,417,418,4
E,108,419,3
E,277,419,1
E,418,419,6
E,108,420,10
E,417,420,3
E,418,420,5
E,419,420,8
E,108,421,8
E,274,421,10
E,420,421,5
E,417,422,7
E,420,422,7
E,421,422,6
E,109,423,4
E,413,423,10
E,417,423,2
E,422,423,1
E,109,424,6
E,422,424,4
E,423,424,3
E,27,425,7
E,109,425,1
E,424,425,4
E,424,426,6
E,425,426,4
E,424,427,1
E,426,427,10
E,4,428,6
E,421,428,9
E,422,428,2
E,424,428,2
E,427,428,8
E,4,429,1
E,421,429,9
E,428,429,1
E,4,430,6
E,28,430,3
E,274,430,3
E,421,430,5
E,429,430,1
E,4,431,10
E,28,431,2
E,110,431,4
E,273,431,2
E,4,432,2
E,426,432,4
E,427,432,6
E,428,432,1
E,431,432,2
E,110,433,1
E,431,433,7
E,432,433,2
E,27,434,3
E,425,434,3
E,426,434,7
E,432,434,10
E,433,434,9
E,27,435,8
E,110,435,3
E,433,435,2
E,434,435,1
E,27,436,2
E,435,436,5
E,436,437,3
E,110,438,4
E,435,438,1
E,436,438,1
E,437,438,4
E,436,439,1
E,437,439,1
E,112,440,6
E,436,440,8
E,439,440,6
E,27,441,5
E,112,441,2
E,436,441,7
E,440,441,2
E,27,442,9
E,109,442,4
E,111,442,6
E,112,442,3
E,407,442,7
E,425,442,4
E,441,442,1
E,112,444,2
E,406,444,10
E,406,445,7
E,443,445,1
E,444,445,4
E,112,446,10
E,439,446,7
E,440,446,1
E,444,446,4
E,437,447,2
E,438,447,2
E,439,447,1
E,443,447,9
E,444,447,4
E,445,447,10
E,446,447,7
E,443,448,6
E,447,448,8
E,110,449,3
E,438,449,1
E,447,449,2
E,448,449,10
E,443,450,5
E,448,450,10
E,449,450,10
E,449,451,3
E,450,451,6
E,451,452,2
E,451,453,2
E,452,453,9
E,113,454,4
E,114,454,5
E,449,454,5
E,451,454,9
E,453,454,2
E,114,455,5
E,452,455,1
E,453,455,7
E,454,455,7
E,114,456,3
E,115,456,4
E,455,456,7
E,115,457,3
E,452,457,1
E,455,457,10
E,456,457,10
E,457,458,7
E,443,459,10
E,445,459,10
E,450,459,3
E,451,459,1
E,452,459,1
E,457,459,9
E,458,459,9
E,405,460,2
E,406,460,5
E,445,460,9
E,458,460,8
E,459,460,9
E,460,461,8
E,458,462,4
E,460,462,8
E,461,462,8
E,404,463,6
E,405,463,2
E,460,463,2
E,461,463,1
E,461,464,1
E,462,464,3
E,463,464,2
E,462,465,9
E,464,465,7
E,403,466,7
E,404,466,10
E,463,466,8
E,464,466,6
E,465,466,2
E,116,467,3
E,117,468,9
E,403,468,10
E,467,468,8
E,116,469,9
E,118,469,7
E,467,469,9
E,468,469,7
E,403,470,8
E,465,470,6
E,466,470,4
E,467,470,3
E,468,470,6
E,9,471,5
E,116,471,2
E,465,471,1
E,467,471,6
E,470,471,4
E,9,472,2
E,115,472,4
E,457,472,10
E,458,472,10
E,462,472,1
E,465,472,1
E,471,472,4
E,9,473,4
E,9,474,4
E,116,474,5
E,9,475,5
E,116,475,3
E,118,475,5
E,121,475,8
E,473,475,7
E,474,475,9
E,121,476,2
E,475,476,6
E,121,477,4
E,476,477,9
E,118,478,7
E,121,478,6
E,153,478,4
E,154,478,7
E,31,479,1
E,121,479,4
E,477,479,2
E,478,479,1
E,31,480,5
E,124,480,9
E,477,480,2
E,479,480,5
E,124,481,7
E,473,481,1
E,475,481,10
E,476,481,2
E,477,481,4
E,480,481,8
E,124,482,2
E,473,482,3
E,481,482,7
E,114,483,3
E,473,483,10
E,482,483,6
E,124,484,10
E,482,484,7
E,483,484,2
E,124,485,5
E,484,485,5
E,485,486,8
E,483,487,5
E,484,487,1
E,485,487,5
E,486,487,8
E,483,488,9
E,486,488,10
E,487,488,9
E,483,489,9
E,486,489,6
E,488,489,1
E,9,490,10
E,114,490,10
E,115,490,4
E,456,490,2
E,473,490,2
E,483,490,3
E,113,491,6
E,114,491,2
E,483,491,7
E,489,491,5
E,489,492,7
E,110,493,10
E,113,493,10
E,257,493,3
E,449,493,7
E,454,493,5
E,489,493,7
E,491,493,5
E,492,493,3
E,486,494,6
E,489,494,5
E,492,494,3
E,486,495,6
E,494,495,4
E,485,496,5
E,486,496,1
E,495,496,7
E,492,497,10
E,494,497,9
E,495,497,4
E,496,497,9
E,126,498,1
E,496,499,1
E,497,499,3
E,498,499,1
E,123,500,10
E,498,500,9
E,123,501,6
E,498,501,1
E,499,501,6
E,500,501,8
E,123,502,10
E,485,502,3
E,496,502,3
E,499,502,6
E,501,502,6
E,125,503,5
E,126,503,6
E,127,503,7
E,125,504,1
E,126,504,5
E,498,504,4
E,500,504,6
E,497,505,2
E,498,505,10
E,499,505,7
E,126,506,9
E,498,506,1
E,505,506,9
E,130,507,2
E,492,507,4
E,493,507,2
E,497,507,5
E,505,507,4
E,506,507,4
E,126,508,7
E,127,508,4
E,130,508,9
E,506,508,5
E,507,508,3
E,127,509,9
E,130,509,5
E,130,510,7
E,493,510,1
E,507,510,7
E,509,510,8
E,127,511,10
E,503,511,8
E,509,511,4
E,510,511,9
E,510,512,5
E,511,512,3
E,510,513,4
E,512,513,2
E,189,514,3
E,493,514,6
E,510,514,7
E,513,514,6
E,513,516,3
E,514,516,2
E,515,516,5
E,129,517,9
E,515,517,9
E,516,517,7
E,511,518,9
E,512,518,1
E,513,518,5
E,515,518,6
E,516,518,8
E,129,519,8
E,511,519,7
E,515,519,7
E,517,519,7
E,518,519,5
E,128,520,6
E,129,520,7
E,503,520,3
E,511,520,4
E,519,520,1
E,128,521,9
E,136,521,3
E,503,521,5
E,520,521,8
E,120,522,2
E,136,522,7
E,128,523,8
E,132,523,8
E,133,523,4
E,136,523,7
E,522,523,6
E,128,524,8
E,129,524,4
E,133,524,7
E,523,524,10
E,132,525,2
E,133,525,2
E,517,525,2
E,524,525,3
E,129,526,3
E,517,526,6
E,524,526,1
E,525,526,7
E,131,527,8
E,131,528,6
E,132,528,7
E,131,529,10
E,527,529,1
E,528,529,2
E,131,530,8
E,527,530,5
E,529,530,9
E,132,531,1
E,522,531,6
E,523,531,9
E,528,531,3
E,529,531,4
E,530,531,7
E,10,532,6
E,135,532,5
E,522,532,7
E,531,532,1
E,120,533,8
E,135,533,8
E,135,534,6
E,533,534,6
E,120,535,7
E,135,535,7
E,522,535,7
E,532,535,2
E,533,535,3
E,120,536,1
E,136,536,8
E,533,536,1
E,123,537,7
E,136,537,1
E,500,537,8
E,504,537,9
E,521,537,10
E,536,537,6
E,125,538,2
E,503,538,2
E,504,538,3
E,521,538,4
E,537,538,2
E,122,539,1
E,123,539,8
E,536,539,6
E,537,539,2
E,123,540,4
E,124,540,10
E,485,540,10
E,502,540,6
E,122,541,9
E,123,541,8
E,124,541,3
E,480,541,1
E,540,541,3
E,31,542,2
E,122,542,4
E,480,542,3
E,541,542,6
E,122,543,3
E,533,543,5
E,536,543,6
E,539,543,3
E,542,543,5
E,533,544,5
E,534,544,10
E,543,544,9
E,119,545,5
E,152,545,9
E,31,546,6
E,119,546,3
E,152,546,9
E,542,546,3
E,543,546,3
E,151,547,8
E,152,547,8
E,154,547,4
E,546,547,9
E,29,548,7
E,152,548,7
E,545,548,7
E,29,549,3
E,147,549,5
E,548,549,4
E,29,550,9
E,150,550,8
E,549,550,6
E,34,551,6
E,119,551,5
E,545,551,6
E,32,552,4
E,147,552,1
E,548,552,5
E,549,552,9
E,545,553,1
E,548,553,1
E,552,553,1
E,34,554,3
E,119,554,4
E,551,554,6
E,119,555,8
E,543,555,8
E,544,555,7
E,546,555,2
E,554,555,5
E,119,556,7
E,546,556,5
E,555,556,1
E,10,557,6
E,135,557,9
E,532,557,5
E,534,557,3
E,544,557,6
E,34,558,10
E,545,558,1
E,551,558,8
E,553,558,6
E,10,559,4
E,34,559,1
E,138,559,9
E,544,559,1
E,554,559,3
E,555,559,3
E,557,559,5
E,34,560,10
E,137,560,3
E,138,560,8
E,139,560,10
E,33,561,1
E,131,561,8
E,132,561,9
E,140,561,7
E,141,561,7
E,142,561,1
E,514,561,10
E,516,561,3
E,517,561,4
E,525,561,5
E,528,561,5
E,10,562,3
E,131,562,10
E,134,562,3
E,140,562,4
E,530,562,9
E,531,562,8
E,532,562,3
E,139,563,5
E,141,563,5
E,142,563,7
E,143,563,9
E,34,564,3
E,137,564,9
E,560,564,8
E,564,565,10
E,34,566,2
E,558,566,10
E,564,566,1
E,565,566,9
E,32,567,5
E,146,567,8
E,552,567,5
E,564,567,2
E,565,567,2
E,552,568,7
E,553,568,9
E,558,568,9
E,565,568,9
E,566,568,2
E,567,568,10
E,144,569,3
E,145,569,3
E,137,570,10
E,145,570,2
E,564,570,10
E,145,571,1
E,564,571,4
E,567,571,1
E,570,571,3
E,35,572,4
E,137,572,10
E,139,572,2
E,143,572,3
E,145,572,5
E,563,572,4
E,570,572,1
E,35,573,2
E,145,573,9
E,569,573,1
E,572,573,4
E,35,574,8
E,142,574,7
E,143,574,4
E,189,574,3
E,514,574,9
E,561,574,2
E,572,574,2
E,144,575,3
E,178,575,7
E,35,576,8
E,178,576,6
E,189,576,3
E,574,576,10
E,575,576,3
E,35,577,2
E,144,577,2
E,573,577,8
E,575,577,9
E,576,577,9
E,144,578,6
E,569,578,7
E,573,578,6
E,577,578,9
E,144,579,6
E,569,579,10
E,144,580,10
E,176,580,3
E,178,580,6
E,575,580,5
E,579,580,9
E,36,581,1
E,38,581,6
E,146,581,5
E,148,581,10
E,36,582,5
E,146,582,8
E,176,582,1
E,579,582,9
E,580,582,10
E,147,583,3
E,581,583,5
E,32,584,8
E,146,584,6
E,147,584,6
E,567,584,9
E,581,584,3
E,583,584,7
E,145,585,8
E,146,585,6
E,567,585,1
E,569,585,6
E,571,585,1
E,579,585,10
E,582,585,6
E,147,586,4
E,583,586,5
E,150,587,1
E,550,587,4
E,549,588,9
E,550,588,2
E,587,588,9
E,147,589,8
E,549,589,5
E,586,589,6
E,587,589,7
E,588,589,9
E,586,590,5
E,587,590,4
E,589,590,4
E,583,591,7
E,586,591,5
E,590,591,1
E,148,592,3
E,581,592,5
E,583,592,1
E,591,592,2
E,591,594,5
E,592,594,7
E,593,594,3
E,161,595,6
E,593,595,3
E,594,595,1
E,159,596,10
E,161,596,9
E,593,596,9
E,595,596,10
E,159,597,8
E,596,597,10
E,159,598,10
E,597,598,1
E,593,599,2
E,596,599,10
E,597,599,7
E,149,600,8
E,158,600,1
E,597,600,6
E,597,601,9
E,599,601,7
E,600,601,3
E,590,602,7
E,599,602,1
E,601,602,10
E,590,603,7
E,591,603,10
E,593,603,10
E,594,603,2
E,599,603,9
E,602,603,9
E,150,604,8
E,587,604,1
E,590,604,3
E,602,604,5
E,29,605,5
E,149,605,8
E,150,605,5
E,151,605,7
E,550,605,8
E,149,606,5
E,150,606,4
E,600,606,2
E,601,606,5
E,602,606,2
E,604,606,6
E,605,606,10
E,149,607,4
E,151,607,8
E,155,607,10
E,605,607,2
E,153,608,6
E,155,608,5
E,607,608,2
E,151,609,7
E,153,609,7
E,154,609,3
E,155,609,3
E,547,609,6
E,607,609,4
E,31,610,7
E,154,610,1
E,478,610,3
E,479,610,2
E,546,610,9
E,547,610,8
E,118,611,8
E,153,611,4
E,478,611,6
E,118,612,1
E,468,612,10
E,469,612,8
E,611,612,3
E,156,613,8
E,607,613,8
E,608,613,6
E,149,614,10
E,158,614,9
E,607,614,7
E,613,614,5
E,613,615,10
E,614,615,1
E,158,616,9
E,597,616,7
E,598,616,4
E,600,616,5
E,614,616,3
E,615,616,6
E,156,617,7
E,613,617,4
E,615,617,7
E,615,618,3
E,617,618,6
E,156,619,2
E,613,619,7
E,30,620,3
E,156,620,8
E,619,620,9
E,30,621,6
E,153,621,4
E,608,621,10
E,611,621,4
E,613,621,8
E,619,621,10
E,620,621,3
E,30,622,6
E,468,622,5
E,611,622,9
E,612,622,1
E,621,622,2
E,30,623,6
E,117,623,9
E,389,623,8
E,399,623,9
E,400,623,1
E,402,623,7
E,468,623,1
E,622,623,1
E,30,624,3
E,389,624,5
E,623,624,2
E,30,625,2
E,156,625,7
E,157,625,9
E,389,625,7
E,620,625,10
E,624,625,10
E,8,626,6
E,157,626,8
E,390,626,9
E,8,627,9
E,156,627,6
E,157,627,6
E,626,627,3
E,156,628,5
E,617,628,6
E,618,628,7
E,627,628,7
E,8,629,3
E,388,629,9
E,627,629,6
E,629,630,1
E,627,631,7
E,628,631,3
E,629,631,8
E,630,631,3
E,39,632,6
E,630,632,7
E,615,633,3
E,618,633,6
E,628,633,6
E,615,634,5
E,628,634,1
E,630,634,1
E,631,634,1
E,632,634,2
E,633,634,6
E,39,635,8
E,598,635,3
E,615,635,5
E,616,635,6
E,632,635,4
E,634,635,2
E,39,636,10
E,159,636,5
E,598,636,2
E,635,636,3
E,39,637,8
E,226,637,1
E,630,637,9
E,632,637,5
E,226,638,5
E,385,638,3
E,637,638,1
E,385,639,10
E,629,639,9
E,630,639,4
E,637,639,7
E,638,639,4
E,25,640,4
E,385,640,4
E,386,640,5
E,387,640,9
E,388,640,3
E,629,640,8
E,639,640,7
E,95,641,9
E,160,641,7
E,383,641,4
E,384,641,3
E,160,642,5
E,641,642,3
E,160,643,8
E,385,643,9
E,638,643,7
E,642,643,7
E,226,644,3
E,638,644,6
E,642,644,6
E,643,644,9
E,225,645,7
E,644,645,5
E,225,646,4
E,226,646,9
E,644,646,2
E,645,646,10
E,13,647,8
E,646,647,9
E,13,648,2
E,647,648,2
E,225,649,7
E,646,649,4
E,647,649,5
E,2,650,3
E,225,650,2
E,645,650,10
E,649,650,5
E,2,651,4
E,650,651,10
E,2,652,7
E,651,652,5
E,42,653,5
E,649,654,2
E,650,654,6
E,651,654,7
E,652,654,2
E,653,654,10
E,42,655,10
E,653,655,5
E,654,655,1
E,42,656,5
E,654,656,8
E,655,656,2
E,42,657,7
E,222,657,4
E,14,658,1
E,222,658,1
E,657,658,1
E,14,659,4
E,222,659,9
E,42,660,2
E,222,660,2
E,653,660,7
E,654,660,10
E,657,660,2
E,13,661,1
E,222,661,4
E,648,661,3
E,659,661,3
E,660,661,8
E,648,662,7
E,660,662,7
E,661,662,10
E,649,663,4
E,654,663,10
E,660,663,1
E,662,663,8
E,647,664,3
E,648,664,4
E,649,664,1
E,662,664,10
E,663,664,5
E,13,665,9
E,163,665,6
E,647,665,9
E,13,666,2
E,164,666,6
E,13,667,4
E,164,667,6
E,659,667,5
E,661,667,9
E,164,668,9
E,666,668,6
E,164,669,3
E,659,669,5
E,667,669,4
E,164,670,2
E,165,670,6
E,668,670,3
E,669,670,1
E,165,671,3
E,165,672,1
E,668,672,4
E,670,672,2
E,671,672,3
E,44,673,6
E,46,673,2
E,168,673,3
E,672,673,6
E,44,674,9
E,666,674,2
E,668,674,9
E,672,674,5
E,673,674,3
E,44,675,3
E,168,675,10
E,169,675,5
E,170,675,5
E,666,675,6
E,674,675,4
E,169,676,6
E,170,676,5
E,171,676,10
E,675,676,3
E,13,677,7
E,163,677,1
E,170,677,10
E,665,677,3
E,666,677,6
E,675,677,8
E,163,678,6
E,170,678,8
E,171,678,5
E,677,678,6
E,171,679,2
E,172,679,6
E,678,679,4
E,163,680,3
E,665,680,10
E,647,681,8
E,665,681,9
E,680,681,2
E,647,682,7
E,681,682,5
E,39,683,8
E,159,683,8
E,226,683,5
E,636,683,10
E,637,683,7
E,681,683,5
E,226,684,4
E,646,684,3
E,647,684,10
E,681,684,2
E,682,684,1
E,683,684,1
E,159,685,5
E,161,685,6
E,162,685,5
E,163,685,5
E,680,685,2
E,681,685,3
E,683,685,1
E,162,686,9
E,163,686,3
E,678,686,1
E,679,686,8
E,685,686,7
E,161,687,1
E,162,687,5
E,172,687,9
E,679,687,6
E,686,687,4
E,161,688,3
E,172,688,3
E,592,688,8
E,594,688,5
E,595,688,6
E,687,688,6
E,37,689,9
E,38,689,4
E,38,690,8
E,148,690,10
E,592,690,9
E,688,690,10
E,689,690,4
E,690,691,2
E,169,692,9
E,171,692,7
E,172,692,7
E,676,692,1
E,688,692,3
E,690,692,8
E,691,692,10
E,169,693,5
E,689,693,5
E,690,693,3
E,691,693,9
E,692,693,1
E,168,694,5
E,169,694,6
E,173,694,2
E,693,694,10
E,37,695,9
E,173,695,7
E,689,695,8
E,693,695,1
E,694,695,9
E,175,696,2
E,695,696,6
E,695,697,1
E,696,697,1
E,37,698,7
E,175,698,4
E,176,698,2
E,695,698,2
E,696,698,6
E,36,699,8
E,37,699,10
E,38,699,2
E,581,699,5
E,689,699,10
E,698,699,4
E,36,700,5
E,176,700,8
E,582,700,5
E,698,700,7
E,699,700,1
E,177,701,8
E,175,702,7
E,176,702,3
E,701,702,2
E,176,703,6
E,701,703,9
E,702,703,1
E,176,704,4
E,178,704,9
E,703,704,9
E,177,705,4
E,701,705,5
E,703,705,3
E,704,705,2
E,177,706,3
E,178,706,6
E,704,706,1
E,705,706,8
E,177,707,2
E,701,707,7
E,701,708,2
E,702,708,1
E,707,708,10
E,177,709,4
E,178,709,2
E,706,709,4
E,707,709,1
E,175,710,3
E,696,710,2
E,702,710,3
E,708,710,10
E,696,711,6
E,697,711,8
E,710,711,5
E,697,712,3
E,711,712,2
E,174,713,6
E,710,713,7
E,711,713,5
E,712,713,7
E,174,714,9
E,713,714,10
E,174,715,7
E,707,715,6
E,708,715,10
E,710,715,1
E,713,715,7
E,174,716,9
E,714,716,8
E,174,717,2
E,715,717,10
E,716,717,7
E,707,718,9
E,709,718,1
E,715,718,9
E,717,718,10
E,178,719,3
E,189,719,3
E,576,719,1
E,709,719,3
E,709,720,7
E,718,720,7
E,719,720,7
E,718,721,5
E,720,721,8
E,721,722,3
E,180,723,10
E,181,723,1
E,182,723,6
E,716,723,7
E,722,723,2
E,716,724,9
E,717,724,7
E,718,724,10
E,721,724,1
E,722,724,6
E,723,724,2
E,181,725,6
E,182,725,1
E,183,725,3
E,184,725,3
E,182,726,5
E,184,726,1
E,695,726,6
E,725,726,3
E,182,727,5
E,714,727,2
E,716,727,7
E,723,727,1
E,726,727,8
E,695,728,4
E,697,728,8
E,712,728,9
E,726,728,6
E,727,728,1
E,712,729,1
E,713,729,4
E,728,729,1
E,713,730,6
E,714,730,5
E,727,730,8
E,728,730,6
E,729,730,3
E,46,731,8
E,168,731,1
E,173,731,3
E,673,731,6
E,694,731,6
E,12,732,10
E,173,732,8
E,731,732,3
E,12,733,1
E,173,733,3
E,695,733,7
E,184,734,7
E,695,734,9
E,726,734,9
E,733,734,7
E,12,735,4
E,184,735,1
E,733,735,7
E,734,735,2
E,46,736,8
E,731,736,5
E,732,736,10
E,167,737,7
E,736,737,7
E,46,738,2
E,736,738,6
E,737,738,4
E,11,739,8
E,52,739,8
E,186,739,7
E,202,739,5
E,737,739,7
E,738,739,10
E,52,740,8
E,198,740,6
E,199,740,3
E,200,740,5
E,185,741,10
E,199,741,2
E,200,741,7
E,185,742,2
E,186,742,1
E,186,743,7
E,187,743,1
E,742,743,7
E,186,744,3
E,187,744,9
E,167,745,7
E,186,745,5
E,737,745,8
E,739,745,3
E,744,745,3
E,167,746,1
E,187,746,8
E,744,746,5
E,745,746,1
E,12,747,4
E,167,747,8
E,183,747,1
E,184,747,5
E,732,747,8
E,735,747,1
E,736,747,2
E,737,747,10
E,167,748,2
E,183,748,3
E,725,748,10
E,746,748,6
E,179,749,4
E,181,749,1
E,725,749,6
E,746,749,1
E,748,749,3
E,180,750,10
E,721,750,9
E,722,750,1
E,723,750,5
E,49,751,4
E,179,751,1
E,180,751,8
E,187,751,8
E,746,751,7
E,749,751,2
E,180,752,7
E,721,752,8
E,750,752,10
E,751,752,5
E,190,753,9
E,751,753,9
E,752,753,1
E,189,754,6
E,190,754,3
E,719,754,3
E,720,754,9
E,721,754,1
E,752,754,1
E,753,754,1
E,188,755,5
E,192,755,9
E,189,756,5
E,190,756,1
E,191,756,1
E,753,756,4
E,188,757,8
E,191,757,9
E,756,757,4
E,49,758,7
E,188,758,3
E,751,758,5
E,753,758,10
E,755,758,7
E,756,758,10
E,757,758,7
E,49,759,1
E,758,759,8
E,48,760,1
E,49,760,3
E,187,760,5
E,196,760,4
E,759,760,8
E,48,761,10
E,192,761,4
E,194,761,4
E,195,761,6
E,755,761,4
E,758,761,5
E,759,761,7
E,194,762,7
E,195,762,9
E,761,762,10
E,188,763,5
E,191,763,7
E,192,763,7
E,194,763,1
E,755,763,8
E,762,763,5
E,193,764,6
E,762,764,5
E,763,764,9
E,193,765,1
E,763,765,6
E,764,765,9
E,191,766,3
E,756,766,9
E,763,766,5
E,765,766,7
E,189,767,2
E,193,767,3
E,756,767,3
E,765,767,2
E,766,767,4
E,193,768,6
E,767,768,8
E,193,769,1
E,762,769,6
E,764,769,2
E,768,769,6
E,195,770,2
E,762,770,5
E,769,770,4
E,767,771,4
E,768,771,9
E,769,771,2
E,770,771,5
E,47,772,5
E,195,772,10
E,770,772,3
E,771,772,1
E,47,773,8
E,50,773,7
E,771,773,8
E,47,774,10
E,771,774,1
E,772,774,7
E,773,774,3
E,47,775,10
E,48,775,6
E,50,775,10
E,195,775,2
E,196,775,7
E,773,775,1
E,50,776,3
E,742,776,4
E,743,776,7
E,50,777,3
E,187,777,10
E,196,777,7
E,743,777,1
E,775,777,2
E,776,777,2
E,48,778,5
E,759,778,7
E,760,778,7
E,761,778,9
E,197,779,10
E,198,779,2
E,199,779,6
E,740,779,3
E,199,780,10
E,779,780,6
E,185,781,3
E,199,781,9
E,742,781,2
E,776,781,9
E,780,781,2
E,50,782,3
E,776,782,1
E,781,782,4
E,780,783,8
E,781,783,3
E,782,783,2
E,50,784,10
E,771,784,10
E,773,784,7
E,782,784,5
E,783,784,6
E,780,785,7
E,783,785,9
E,784,785,10
E,785,787,2
E,786,787,8
E,786,788,5
E,787,788,9
E,208,789,10
E,785,789,1
E,787,789,8
E,788,789,3
E,788,790,8
E,205,791,2
E,206,791,8
E,207,791,3
E,207,792,4
E,786,792,5
E,788,792,3
E,790,792,2
E,791,792,6
E,197,793,3
E,203,793,1
E,786,793,4
E,197,794,4
E,786,794,10
E,793,794,6
E,197,795,4
E,779,795,7
E,780,795,1
E,197,796,7
E,780,796,4
E,785,796,7
E,786,796,4
E,787,796,6
E,794,796,1
E,795,796,9
E,201,797,5
E,202,797,3
E,671,797,2
E,11,798,3
E,45,798,9
E,52,798,8
E,197,798,6
E,198,798,8
E,201,798,2
E,202,798,4
E,203,798,2
E,740,798,1
E,201,799,10
E,203,799,3
E,797,799,10
E,165,800,9
E,166,800,8
E,671,800,6
E,797,800,4
E,799,800,8
E,202,801,4
E,671,801,1
E,738,801,8
E,739,801,6
E,797,801,9
E,46,802,5
E,671,802,7
E,672,802,2
E,673,802,6
E,738,802,3
E,801,802,5
E,165,803,8
E,166,803,7
E,800,803,9
E,14,804,5
E,165,804,3
E,659,804,5
E,669,804,7
E,670,804,3
E,803,804,9
E,43,805,7
E,166,805,5
E,799,805,6
E,800,805,9
E,205,806,4
E,799,806,5
E,203,807,1
E,205,807,5
E,799,807,6
E,806,807,7
E,203,808,8
E,205,808,1
E,786,808,3
E,791,808,7
E,792,808,1
E,793,808,8
E,807,808,4
E,43,809,2
E,205,810,5
E,806,810,5
E,809,810,4
E,43,811,7
E,799,811,2
E,805,811,1
E,806,811,8
E,809,811,5
E,810,811,6
E,43,812,5
E,809,812,10
E,14,813,7
E,658,813,5
E,14,814,9
E,43,814,3
E,166,814,3
E,803,814,5
E,804,814,7
E,812,814,9
E,813,814,6
E,658,816,4
E,815,816,7
E,658,817,2
E,813,817,4
E,815,817,6
E,816,817,3
E,812,818,1
E,813,818,9
E,814,818,8
E,817,818,1
E,41,819,9
E,815,819,8
E,817,819,1
E,41,820,2
E,219,820,1
E,812,820,6
E,817,820,1
E,818,820,1
E,819,820,6
E,15,821,3
E,207,822,10
E,209,822,3
E,220,822,2
E,51,823,9
E,204,823,9
E,219,823,9
E,812,823,4
E,820,823,4
E,204,824,3
E,206,824,5
E,809,824,9
E,812,824,10
E,823,824,2
E,205,825,4
E,206,825,5
E,791,825,5
E,810,825,5
E,206,826,1
E,809,826,9
E,810,826,7
E,824,826,5
E,825,826,10
E,208,827,5
E,209,827,4
E,211,827,9
E,789,827,1
E,207,828,5
E,790,828,1
E,792,828,8
E,208,829,10
E,788,829,2
E,789,829,8
E,790,829,6
E,828,829,1
E,207,830,2
E,208,830,10
E,209,830,5
E,822,830,6
E,827,830,2
E,828,830,8
E,829,830,9
E,211,831,6
E,771,831,1
E,784,831,2
E,785,831,10
E,789,831,7
E,827,831,4
E,15,832,8
E,209,832,9
E,211,832,9
E,220,832,8
E,821,832,1
E,822,832,8
E,210,833,3
E,831,833,5
E,15,834,9
E,218,834,9
E,821,834,2
E,15,835,6
E,210,835,10
E,211,835,7
E,831,835,8
E,832,835,6
E,833,835,2
E,41,836,7
E,220,836,4
E,821,836,9
E,832,836,4
E,834,836,2
E,41,837,6
E,218,837,4
E,834,837,6
E,836,837,2
E,217,838,2
E,218,838,10
E,834,838,10
E,15,839,10
E,834,839,7
E,838,839,4
E,839,840,7
E,839,841,10
E,840,841,5
E,15,842,7
E,210,842,10
E,835,842,7
E,839,842,9
E,841,842,6
E,840,843,6
E,841,843,10
E,842,843,4
E,210,844,6
E,833,844,9
E,842,844,1
E,843,844,9
E,843,845,8
E,212,846,2
E,214,846,1
E,831,846,6
E,833,846,7
E,844,846,1
E,55,847,6
E,212,847,10
E,843,847,3
E,844,847,3
E,845,847,8
E,846,847,2
E,55,848,5
E,845,848,8
E,847,848,8
E,54,849,10
E,55,849,4
E,213,849,2
E,848,849,4
E,53,850,1
E,54,850,7
E,55,850,3
E,212,850,4
E,214,850,6
E,216,851,5
E,54,852,7
E,213,852,7
E,216,852,5
E,849,852,10
E,213,853,4
E,216,853,4
E,852,853,9
E,56,854,7
E,213,854,3
E,845,854,4
E,848,854,6
E,849,854,10
E,56,855,4
E,215,855,2
E,840,855,10
E,843,855,9
E,845,855,4
E,854,855,9
E,215,856,6
E,217,856,8
E,838,856,4
E,839,856,6
E,840,856,6
E,855,856,1
E,213,857,5
E,216,857,8
E,853,857,2
E,858,859,9
E,232,860,3
E,858,860,5
E,859,860,5
E,61,861,9
E,216,861,5
E,232,861,7
E,857,861,5
E,859,861,3
E,860,861,9
E,61,862,7
E,216,862,8
E,851,862,10
E,861,862,1
E,231,863,10
E,863,864,2
E,232,865,2
E,864,865,1
E,863,866,1
E,864,866,4
E,864,867,10
E,865,867,4
E,866,867,5
E,232,868,4
E,865,868,3
E,867,868,9
E,41,869,9
E,217,869,1
E,218,869,4
E,858,870,8
E,869,870,3
E,232,871,9
E,858,871,9
E,860,871,2
E,868,871,5
E,869,871,4
E,870,871,10
E,56,872,6
E,215,872,5
E,217,872,8
E,869,872,8
E,870,872,8
E,56,873,1
E,213,873,5
E,858,873,9
E,859,873,3
E,870,873,6
E,872,873,8
E,213,874,1
E,857,874,9
E,859,874,3
E,861,874,1
E,873,874,2
E,869,875,5
E,871,875,5
E,875,876,8
E,41,877,6
E,815,877,9
E,819,877,3
E,869,877,9
E,875,877,2
E,875,878,10
E,876,878,4
E,877,878,8
E,815,879,3
E,876,879,6
E,877,879,5
E,878,879,7
E,815,880,6
E,879,880,7
E,223,881,10
E,880,881,8
E,42,882,10
E,656,882,1
E,657,882,2
E,881,882,1
E,657,883,6
E,658,883,1
E,815,883,1
E,816,883,9
E,880,883,9
E,881,883,3
E,882,883,8
E,223,884,9
E,880,884,2
E,881,884,9
E,223,885,5
E,879,885,4
E,880,885,5
E,884,885,2
E,57,886,6
E,58,886,9
E,223,886,10
E,224,886,6
E,885,886,6
E,58,888,1
E,223,888,1
E,887,888,2
E,58,889,5
E,887,889,2
E,888,889,6
E,223,890,1
E,881,890,5
E,888,890,9
E,656,891,10
E,890,891,7
E,656,892,4
E,881,892,6
E,882,892,3
E,890,892,9
E,891,892,8
E,888,893,10
E,890,893,10
E,891,893,4
E,652,894,5
E,654,894,10
E,656,894,7
E,891,894,5
E,893,894,6
E,652,895,8
E,893,895,6
E,894,895,6
E,2,896,4
E,652,896,1
E,895,896,5
E,2,897,1
E,95,897,7
E,896,897,2
E,2,898,6
E,95,898,10
E,641,898,3
E,642,898,10
E,644,898,6
E,645,898,9
E,650,898,8
E,897,898,3
E,95,899,8
E,382,899,1
E,896,899,8
E,897,899,9
E,896,900,2
E,899,900,9
E,896,901,10
E,900,901,6
E,901,902,3
E,887,903,5
E,902,903,1
E,887,904,7
E,888,904,8
E,893,904,8
E,895,904,7
E,896,904,8
E,901,904,8
E,902,904,9
E,903,904,1
E,227,905,3
E,887,905,2
E,889,905,9
E,903,905,8
E,227,906,4
E,905,906,5
E,901,907,7
E,902,907,1
E,903,907,6
E,905,907,5
E,906,907,3
E,906,908,4
E,900,909,2
E,901,909,1
E,906,909,6
E,907,909,3
E,908,909,9
E,370,910,5
E,371,910,1
E,372,910,3
E,382,910,8
E,899,910,6
E,900,910,7
E,82,911,8
E,228,911,5
E,94,912,9
E,369,912,5
E,371,912,3
E,82,913,1
E,336,913,9
E,337,913,8
E,367,913,3
E,368,913,3
E,369,913,7
E,911,913,5
E,912,913,5
E,908,914,7
E,911,914,9
E,912,914,10
E,913,914,8
E,371,915,6
E,900,915,1
E,908,915,4
E,909,915,10
E,910,915,8
E,912,915,9
E,914,915,6
E,227,916,8
E,229,916,2
E,238,916,9
E,917,918,4
E,230,919,3
E,917,919,2
E,918,919,1
E,227,920,4
E,230,920,8
E,918,920,8
E,919,920,1
E,224,921,4
E,227,921,4
E,230,921,1
E,905,921,7
E,920,921,5
E,57,922,3
E,58,922,6
E,224,922,1
E,889,922,5
E,905,922,4
E,921,922,8
E,221,923,2
E,230,923,7
E,866,923,9
E,867,923,8
E,868,923,9
E,871,923,1
E,875,923,10
E,230,924,8
E,866,924,8
E,917,924,1
E,919,924,3
E,923,924,10
E,221,925,5
E,224,925,7
E,875,925,4
E,876,925,1
E,879,925,3
E,885,925,10
E,886,925,9
E,923,925,2
E,917,926,2
E,918,926,6
E,866,927,8
E,917,927,7
E,924,927,6
E,926,927,2
E,863,928,7
E,866,928,9
E,926,928,4
E,927,928,1
E,929,930,2
E,231,931,2
E,250,931,8
E,929,931,7
E,930,931,6
E,250,932,5
E,930,932,8
E,931,932,5
E,234,933,7
E,235,933,5
E,930,933,3
E,932,933,5
E,932,934,6
E,933,934,3
E,234,935,9
E,236,935,9
E,933,935,4
E,235,936,8
E,929,936,9
E,930,936,10
E,933,936,8
E,235,937,9
E,238,937,2
E,929,937,10
E,936,937,8
E,238,938,2
E,929,938,4
E,937,938,6
E,938,939,6
E,918,940,1
E,926,940,3
E,928,940,6
E,929,940,1
E,938,940,3
E,939,940,2
E,227,941,7
E,238,941,7
E,916,941,7
E,918,941,9
E,920,941,4
E,938,941,5
E,939,941,6
E,940,941,5
E,228,942,3
E,229,942,3
E,237,942,4
E,238,942,2
E,227,943,9
E,228,943,3
E,229,943,9
E,906,943,9
E,908,943,7
E,911,943,8
E,914,943,4
E,942,943,1
E,22,944,2
E,228,944,6
E,237,944,7
E,942,944,8
E,22,945,2
E,82,945,6
E,228,945,5
E,911,945,4
E,944,945,6
E,82,946,6
E,334,946,8
E,336,946,7
E,82,947,6
E,324,947,8
E,326,947,2
E,334,947,1
E,945,947,3
E,946,947,9
E,3,948,8
E,22,948,1
E,324,948,9
E,945,948,8
E,947,948,10
E,3,949,4
E,16,949,4
E,948,949,9
E,22,950,3
E,237,950,9
E,948,950,9
E,234,951,6
E,235,951,10
E,236,951,10
E,237,951,10
E,950,951,9
E,233,952,6
E,236,952,10
E,935,952,8
E,950,953,6
E,951,953,2
E,3,954,6
E,948,954,5
E,950,954,4
E,953,954,5
E,3,955,8
E,242,955,9
E,953,955,7
E,954,955,8
E,3,956,8
E,16,956,5
E,21,956,2
E,241,956,6
E,242,956,6
E,955,956,6
E,16,957,3
E,323,957,9
E,324,957,1
E,325,957,2
E,948,957,10
E,949,957,9
E,240,958,1
E,241,958,4
E,321,958,6
E,323,958,8
E,241,959,7
E,321,959,2
E,956,959,5
E,958,959,1
E,21,960,7
E,239,960,2
E,321,960,3
E,956,960,10
E,959,960,10
E,5,961,8
E,21,961,4
E,239,961,10
E,960,961,7
E,5,962,9
E,21,962,6
E,243,962,7
E,961,962,7
E,21,963,10
E,242,963,1
E,243,963,6
E,21,964,10
E,242,964,9
E,956,964,4
E,963,964,2
E,243,965,10
E,963,965,9
E,965,966,3
E,242,967,2
E,953,967,2
E,955,967,8
E,963,967,10
E,965,967,5
E,966,967,4
E,233,968,2
E,966,968,3
E,951,969,5
E,953,969,6
E,966,969,7
E,967,969,1
E,968,969,6
E,236,970,6
E,951,970,5
E,952,970,10
E,968,970,6
E,969,970,1
E,233,971,8
E,933,971,5
E,934,971,6
E,935,971,8
E,952,971,10
E,59,972,4
E,233,972,5
E,245,972,2
E,934,972,10
E,971,972,8
E,233,973,6
E,952,973,8
E,968,973,8
E,970,973,8
E,233,974,9
E,244,974,6
E,245,974,9
E,965,974,3
E,966,974,3
E,968,974,4
E,972,974,8
E,244,975,4
E,245,975,1
E,247,975,7
E,243,976,1
E,244,976,3
E,965,976,5
E,974,976,9
E,246,977,10
E,59,978,7
E,934,978,3
E,972,978,10
E,243,979,9
E,244,979,10
E,246,979,10
E,247,979,5
E,256,979,7
E,975,979,2
E,976,979,4
E,977,979,7
E,59,980,4
E,246,980,2
E,247,980,3
E,977,980,8
E,978,980,4
E,979,980,10
E,980,981,6
E,246,982,1
E,256,982,3
E,980,982,9
E,981,982,4
E,981,983,4
E,981,984,10
E,249,985,10
E,981,985,7
E,984,985,3
E,978,986,1
E,980,986,8
E,981,986,10
E,984,986,8
E,985,986,6
E,248,987,2
E,249,987,7
E,985,987,10
E,248,988,8
E,934,988,9
E,978,988,4
E,985,988,8
E,986,988,8
E,987,988,6
E,248,989,2
E,249,989,9
E,987,989,5
E,248,990,8
E,250,990,8
E,932,990,2
E,934,990,9
E,988,990,10
E,989,990,2
E,250,991,6
E,989,991,10
E,990,991,6
E,231,992,8
E,863,992,5
E,928,992,2
E,929,992,3
E,931,992,5
E,940,992,8
E,231,993,6
E,250,993,10
E,863,993,4
E,864,993,10
E,250,994,7
E,864,994,9
E,865,994,9
E,993,994,4
E,60,995,8
E,232,995,9
E,865,995,2
E,994,995,4
E,60,996,5
E,250,996,3
E,991,996,10
E,994,996,3
E,995,996,4
E,60,997,7
E,61,997,6
E,983,998,7
E,997,998,9
E,249,999,1
E,981,999,10
E,983,999,4
E,985,999,4
E,989,999,2
E,998,999,6
E,60,1000,10
E,989,1000,9
E,991,1000,10
E,996,1000,4
E,997,1000,8
E,998,1000,5
E,999,1000,2
E,62,1001,7
E,253,1001,5
E,62,1002,4
E,62,1003,9
E,997,1003,10
E,998,1003,6
E,1001,1003,9
E,1002,1003,3
E,61,1004,6
E,997,1004,9
E,1002,1004,5
E,1003,1004,3
E,61,1005,7
E,862,1005,7
E,1002,1005,8
E,1004,1005,5
E,851,1006,8
E,862,1006,2
E,1002,1006,9
E,1005,1006,5
E,53,1007,10
E,54,1007,5
E,62,1007,6
E,216,1007,4
E,851,1007,3
E,852,1007,3
E,1002,1007,7
E,1006,1007,4
E,53,1008,5
E,214,1008,9
E,53,1009,4
E,62,1009,7
E,1007,1009,1
E,1008,1009,1
E,62,1010,5
E,64,1010,5
E,253,1010,8
E,1001,1010,4
E,1008,1010,5
E,1009,1010,2
E,64,1011,6
E,252,1011,5
E,1008,1011,9
E,1010,1011,9
E,214,1012,8
E,252,1012,6
E,1008,1012,5
E,1011,1012,10
E,63,1013,4
E,251,1013,7
E,253,1013,10
E,255,1013,1
E,64,1014,1
E,214,1014,1
E,252,1014,7
E,256,1014,8
E,831,1014,2
E,846,1014,5
E,1012,1014,2
E,64,1015,4
E,251,1015,8
E,253,1015,7
E,1014,1015,7
E,983,1016,7
E,998,1016,5
E,1001,1016,8
E,1003,1016,3
E,983,1017,1
E,1001,1017,1
E,1016,1017,5
E,981,1018,6
E,982,1018,9
E,983,1018,1
E,1017,1018,5
E,253,1019,9
E,254,1019,10
E,255,1019,9
E,1001,1019,10
E,1013,1019,2
E,1017,1019,3
E,256,1020,1
E,982,1020,10
E,1017,1020,6
E,1018,1020,8
E,254,1021,7
E,255,1021,10
E,1017,1021,6
E,1019,1021,1
E,1020,1021,10
E,63,1022,10
E,255,1022,4
E,1021,1022,7
E,63,1023,2
E,256,1023,10
E,1020,1023,4
E,1021,1023,10
E,1022,1023,1
E,63,1024,8
E,251,1024,10
E,256,1024,9
E,1013,1024,1
E,1014,1024,10
E,1015,1024,1
E,1023,1024,9
